-- phpMyAdmin SQL Dump
-- version 5.1.1
-- https://www.phpmyadmin.net/
--
-- Máy chủ: 127.0.0.1
-- Thời gian đã tạo: Th12 17, 2021 lúc 11:45 AM
-- Phiên bản máy phục vụ: 10.4.21-MariaDB
-- Phiên bản PHP: 8.0.12

SET SQL_MODE = "NO_AUTO_VALUE_ON_ZERO";
START TRANSACTION;
SET time_zone = "+00:00";


/*!40101 SET @OLD_CHARACTER_SET_CLIENT=@@CHARACTER_SET_CLIENT */;
/*!40101 SET @OLD_CHARACTER_SET_RESULTS=@@CHARACTER_SET_RESULTS */;
/*!40101 SET @OLD_COLLATION_CONNECTION=@@COLLATION_CONNECTION */;
/*!40101 SET NAMES utf8mb4 */;

--
-- Cơ sở dữ liệu: `student_management`
--

-- --------------------------------------------------------

--
-- Cấu trúc bảng cho bảng `class`
--

CREATE TABLE `class` (
  `class_id` int(11) NOT NULL,
  `class_name` varchar(50) NOT NULL,
  `major_id` int(11) NOT NULL,
  `year_id` int(11) NOT NULL
) ENGINE=InnoDB DEFAULT CHARSET=utf8mb4;

--
-- Đang đổ dữ liệu cho bảng `class`
--

INSERT INTO `class` (`class_id`, `class_name`, `major_id`, `year_id`) VALUES
(1, 'QH-2018-I/CQ-A-E', 1, 1),
(2, 'QH-2019-I/CQ-A-E', 1, 2),
(3, 'QH-2020-I/CQ-A-E', 1, 3),
(4, 'QH-2021-I/CQ-A-E', 1, 4),
(5, 'QH-2018-I/CQ-AG', 2, 1),
(6, 'QH-2019-I/CQ-AG', 2, 2),
(7, 'QH-2020-I/CQ-AG', 2, 3),
(8, 'QH-2021-I/CQ-AG', 2, 4),
(9, 'QH-2018-I/CQ-AT', 3, 1),
(10, 'QH-2019-I/CQ-AT', 3, 2),
(11, 'QH-2020-I/CQ-AT', 3, 3),
(12, 'QH-2021-I/CQ-AT', 3, 4),
(13, 'QH-2018-I/CQ-C-B', 4, 1),
(14, 'QH-2019-I/CQ-C-B', 4, 2),
(15, 'QH-2020-I/CQ-C-B', 4, 3),
(16, 'QH-2021-I/CQ-C-B', 4, 4),
(17, 'QH-2018-I/CQ-C-C', 4, 1),
(18, 'QH-2019-I/CQ-C-C', 4, 2),
(19, 'QH-2020-I/CQ-C-C', 4, 3),
(20, 'QH-2021-I/CQ-C-C', 4, 4),
(21, 'QH-2018-I/CQ-E', 5, 1),
(22, 'QH-2019-I/CQ-E', 5, 2),
(23, 'QH-2020-I/CQ-E', 5, 3),
(24, 'QH-2021-I/CQ-E', 5, 4),
(25, 'QH-2018-I/CQ-H', 6, 1),
(26, 'QH-2019-I/CQ-H', 6, 2),
(27, 'QH-2020-I/CQ-H', 6, 3),
(28, 'QH-2021-I/CQ-H', 6, 4),
(29, 'QH-2018-I/CQ-K1', 7, 1),
(30, 'QH-2019-I/CQ-K1', 7, 2),
(31, 'QH-2020-I/CQ-K1', 7, 3),
(32, 'QH-2021-I/CQ-K1', 7, 4),
(33, 'QH-2018-I/CQ-XD', 8, 1),
(34, 'QH-2019-I/CQ-XD', 8, 2),
(35, 'QH-2020-I/CQ-XD', 8, 3),
(36, 'QH-2021-I/CQ-XD', 8, 4);

-- --------------------------------------------------------

--
-- Cấu trúc bảng cho bảng `course`
--

CREATE TABLE `course` (
  `course_id` int(11) NOT NULL,
  `course_name` varchar(50) NOT NULL,
  `major_id` int(11) NOT NULL
) ENGINE=InnoDB DEFAULT CHARSET=utf8mb4;

--
-- Đang đổ dữ liệu cho bảng `course`
--

INSERT INTO `course` (`course_id`, `course_name`, `major_id`) VALUES
(1, 'Nhập môn công nghệ hàng không vũ trụ', 1),
(2, 'Vũ trụ nâng cao', 1),
(3, 'Nhập môn công nghệ nông nghiệp', 2),
(4, 'Công nghệ nông nghiệp nâng cao', 2),
(5, 'Nhập môn kỹ thuật điều khiển', 3),
(6, 'Nhập môn tự động hóa', 3),
(7, 'Nhập môn lập trình', 4),
(8, 'Giới thiệu về công nghệ thông tin', 4),
(9, 'Nhập môn kỹ thuật năng lượng', 5),
(10, 'Xử lý năng lượng', 5),
(11, 'Nhập môn cơ kỹ thuật', 6),
(12, 'Cơ học chất lỏng', 6),
(13, 'Nhập môn kỹ thuật máy tính', 7),
(14, 'Lập trình nhúng', 7),
(15, 'Nhập môn kỹ thuật xây dựng', 8),
(16, 'Kỹ thuật xây dựng nâng cao', 8);

-- --------------------------------------------------------

--
-- Cấu trúc bảng cho bảng `course_result`
--

CREATE TABLE `course_result` (
  `student_id` int(11) NOT NULL,
  `course_id` int(11) NOT NULL,
  `score` decimal(4,2) NOT NULL,
  `number_of_study` int(11) NOT NULL
) ENGINE=InnoDB DEFAULT CHARSET=utf8mb4;

--
-- Đang đổ dữ liệu cho bảng `course_result`
--

INSERT INTO `course_result` (`student_id`, `course_id`, `score`, `number_of_study`) VALUES
(18020001, 5, '3.26', 3),
(18020002, 4, '8.62', 3),
(18020002, 9, '9.08', 1),
(18020003, 2, '8.70', 2),
(18020003, 16, '3.87', 3),
(18020004, 3, '6.22', 3),
(18020004, 8, '4.82', 1),
(18020005, 9, '4.94', 2),
(18020005, 14, '0.30', 2),
(18020006, 1, '5.12', 3),
(18020006, 9, '0.17', 3),
(18020007, 2, '4.40', 3),
(18020007, 13, '1.98', 3),
(18020008, 8, '0.79', 2),
(18020009, 6, '9.36', 3),
(18020009, 14, '6.78', 3),
(18020010, 1, '9.14', 2),
(18020010, 4, '7.45', 3),
(18020011, 4, '3.55', 3),
(18020011, 7, '0.90', 2),
(18020012, 8, '6.70', 1),
(18020012, 11, '0.18', 1),
(18020013, 12, '6.71', 1),
(18020013, 15, '3.14', 2),
(18020014, 7, '5.96', 1),
(18020014, 8, '5.12', 2),
(18020015, 4, '2.38', 3),
(18020015, 15, '1.32', 3),
(18020016, 13, '4.99', 1),
(18020016, 15, '0.69', 3),
(18020017, 9, '5.23', 1),
(18020018, 3, '8.64', 3),
(18020018, 13, '7.67', 3),
(18020019, 5, '8.61', 3),
(18020019, 7, '2.68', 2),
(18020020, 8, '9.24', 1),
(18020020, 15, '4.29', 1),
(18020021, 2, '5.26', 3),
(18020021, 15, '2.23', 3),
(18020022, 12, '9.25', 2),
(18020022, 16, '4.59', 3),
(18020023, 11, '1.55', 1),
(18020023, 14, '1.25', 3),
(18020024, 4, '7.38', 2),
(18020024, 15, '2.48', 3),
(18020025, 5, '4.45', 1),
(18020025, 11, '2.32', 2),
(18020026, 4, '7.13', 2),
(18020026, 5, '5.76', 3),
(18020027, 3, '5.11', 2),
(18020028, 1, '5.24', 1),
(18020028, 12, '9.87', 1),
(18020029, 4, '7.00', 3),
(18020029, 9, '8.28', 3),
(18020030, 7, '8.90', 3),
(18020030, 8, '8.55', 2),
(18020031, 3, '2.29', 3),
(18020031, 7, '4.66', 3),
(18020032, 7, '0.07', 1),
(18020032, 16, '5.28', 1),
(18020033, 3, '8.67', 2),
(18020033, 14, '7.47', 2),
(18020034, 1, '5.65', 2),
(18020034, 3, '6.32', 1),
(18020035, 14, '7.81', 2),
(18020036, 13, '0.44', 3),
(18020036, 14, '7.35', 2),
(18020037, 2, '0.57', 1),
(18020037, 8, '4.56', 1),
(18020038, 3, '8.22', 3),
(18020038, 11, '5.01', 2),
(18020039, 2, '1.26', 2),
(18020039, 9, '9.35', 1),
(18020040, 5, '9.41', 2),
(18020040, 14, '7.94', 3),
(18020041, 12, '6.65', 1),
(18020041, 13, '3.12', 3),
(18020042, 11, '6.15', 3),
(18020043, 5, '6.56', 3),
(18020043, 11, '1.60', 1),
(18020044, 8, '8.54', 2),
(18020044, 12, '9.18', 1),
(18020045, 6, '1.00', 2),
(18020045, 9, '9.11', 1),
(18020046, 8, '2.48', 3),
(18020046, 14, '4.10', 1),
(18020047, 9, '3.39', 3),
(18020047, 14, '5.72', 1),
(18020048, 9, '8.06', 2),
(18020048, 10, '4.04', 1),
(18020049, 2, '8.47', 3),
(18020049, 4, '5.89', 3),
(18020050, 1, '7.18', 1),
(18020050, 6, '3.41', 1),
(18020051, 7, '8.12', 2),
(18020051, 9, '6.11', 2),
(18020052, 3, '1.66', 3),
(18020052, 9, '5.01', 2),
(18020053, 1, '1.20', 2),
(18020053, 9, '0.99', 2),
(18020054, 6, '4.22', 2),
(18020054, 8, '1.90', 1),
(18020055, 4, '0.14', 2),
(18020055, 10, '5.23', 1),
(18020056, 2, '6.49', 3),
(18020056, 9, '8.58', 1),
(18020057, 5, '6.22', 3),
(18020057, 8, '8.54', 2),
(18020058, 2, '7.37', 1),
(18020058, 9, '2.10', 1),
(18020059, 5, '0.74', 3),
(18020059, 16, '6.86', 3),
(18020060, 6, '9.75', 3),
(18020060, 15, '1.21', 2),
(18020061, 1, '8.97', 3),
(18020061, 15, '9.47', 1),
(18020062, 7, '9.83', 2),
(18020062, 10, '1.94', 2),
(18020063, 14, '6.76', 1),
(18020063, 16, '6.29', 3),
(18020064, 6, '9.29', 2),
(18020064, 16, '7.97', 3),
(18020065, 13, '6.73', 1),
(18020065, 15, '9.26', 3),
(18020066, 11, '2.80', 1),
(18020066, 15, '7.02', 3),
(18020067, 6, '0.84', 3),
(18020067, 10, '6.07', 2),
(18020068, 2, '3.47', 1),
(18020068, 14, '5.87', 2),
(18020069, 13, '6.48', 3),
(18020069, 16, '2.30', 2),
(18020070, 4, '2.46', 2),
(18020070, 8, '8.05', 3),
(18020071, 1, '6.93', 3),
(18020071, 2, '1.92', 1),
(18020072, 3, '2.50', 2),
(18020072, 9, '0.94', 2),
(18020073, 9, '2.89', 3),
(18020074, 2, '9.13', 2),
(18020074, 14, '2.21', 1),
(18020075, 5, '8.96', 2),
(18020075, 11, '8.15', 2),
(18020076, 11, '3.57', 1),
(18020076, 12, '7.58', 3),
(18020077, 9, '3.25', 2),
(18020077, 15, '6.29', 3),
(18020078, 11, '0.07', 1),
(18020078, 12, '2.18', 1),
(18020079, 4, '2.57', 2),
(18020079, 6, '2.20', 3),
(18020080, 6, '6.59', 1),
(18020080, 14, '0.53', 1),
(18020081, 4, '3.39', 2),
(18020081, 8, '4.27', 2),
(18020082, 5, '4.99', 2),
(18020082, 12, '0.70', 1),
(18020083, 5, '5.38', 1),
(18020083, 9, '6.22', 3),
(18020084, 9, '5.86', 1),
(18020084, 11, '5.60', 3),
(18020085, 8, '1.12', 1),
(18020085, 15, '1.53', 2),
(18020086, 3, '4.09', 3),
(18020086, 12, '5.53', 2),
(18020087, 6, '2.14', 1),
(18020088, 7, '4.96', 3),
(18020088, 11, '0.36', 2),
(18020089, 5, '5.79', 3),
(18020089, 14, '9.50', 3),
(18020090, 1, '9.38', 2),
(18020090, 3, '7.67', 3),
(18020091, 10, '1.45', 1),
(18020091, 15, '0.85', 2),
(18020092, 14, '3.21', 1),
(18020093, 7, '3.08', 2),
(18020093, 15, '6.62', 2),
(18020094, 2, '8.46', 3),
(18020094, 10, '5.47', 1),
(18020095, 7, '7.49', 1),
(18020095, 12, '8.35', 1),
(18020096, 5, '6.56', 1),
(18020096, 6, '6.40', 3),
(18020097, 5, '3.98', 1),
(18020097, 15, '5.92', 3),
(18020098, 6, '6.55', 3),
(18020098, 13, '2.84', 3),
(18020099, 4, '5.09', 3),
(18020099, 10, '4.30', 1),
(18020100, 1, '8.49', 3),
(18020100, 14, '3.10', 2),
(18020101, 2, '6.20', 1),
(18020101, 11, '2.62', 1),
(18020102, 8, '4.17', 3),
(18020102, 11, '8.46', 1),
(18020103, 2, '6.70', 1),
(18020103, 6, '5.85', 2),
(19020001, 12, '2.68', 3),
(19020001, 16, '7.47', 1),
(19020002, 1, '9.90', 3),
(19020002, 9, '7.19', 3),
(19020003, 5, '1.97', 2),
(19020003, 12, '3.62', 2),
(19020004, 13, '9.13', 1),
(19020004, 16, '4.68', 3),
(19020005, 7, '3.56', 2),
(19020005, 13, '1.48', 2),
(19020006, 1, '7.62', 1),
(19020006, 8, '4.49', 1),
(19020007, 3, '6.57', 2),
(19020007, 5, '6.79', 3),
(19020008, 4, '2.65', 3),
(19020008, 9, '9.85', 2),
(19020009, 4, '4.34', 3),
(19020009, 6, '1.97', 1),
(19020010, 14, '7.90', 1),
(19020010, 16, '7.53', 3),
(19020011, 12, '2.73', 1),
(19020011, 14, '8.11', 2),
(19020012, 4, '9.51', 3),
(19020012, 7, '8.68', 3),
(19020013, 9, '2.02', 1),
(19020013, 16, '5.39', 1),
(19020014, 13, '4.34', 1),
(19020014, 14, '5.86', 2),
(19020015, 4, '7.47', 3),
(19020015, 16, '5.79', 2),
(19020016, 3, '9.37', 3),
(19020016, 10, '7.09', 1),
(19020017, 2, '6.36', 2),
(19020017, 8, '6.30', 2),
(19020018, 1, '1.35', 2),
(19020018, 9, '1.79', 3),
(19020019, 9, '5.67', 3),
(19020019, 10, '2.93', 1),
(19020020, 4, '7.56', 3),
(19020020, 7, '2.99', 3),
(19020021, 3, '8.74', 2),
(19020021, 7, '8.23', 2),
(19020022, 5, '6.67', 2),
(19020022, 10, '6.37', 2),
(19020023, 3, '7.16', 2),
(19020023, 13, '6.37', 3),
(19020024, 13, '9.64', 2),
(19020024, 15, '6.52', 2),
(19020025, 3, '9.10', 1),
(19020025, 7, '3.47', 1),
(19020026, 1, '1.37', 1),
(19020026, 10, '1.98', 3),
(19020027, 3, '2.36', 2),
(19020027, 14, '8.97', 3),
(19020028, 5, '9.93', 3),
(19020028, 11, '3.30', 2),
(19020029, 9, '0.10', 1),
(19020029, 14, '5.69', 2),
(19020030, 6, '0.60', 1),
(19020030, 11, '2.72', 1),
(19020031, 5, '9.50', 3),
(19020031, 10, '1.86', 2),
(19020032, 4, '3.13', 3),
(19020032, 11, '8.09', 1),
(19020033, 5, '3.25', 1),
(19020033, 16, '8.98', 3),
(19020034, 2, '6.80', 1),
(19020034, 9, '3.26', 2),
(19020035, 3, '9.40', 3),
(19020035, 16, '4.58', 2),
(19020036, 11, '7.56', 3),
(19020036, 15, '1.66', 1),
(19020037, 4, '4.05', 1),
(19020037, 5, '6.39', 3),
(19020038, 5, '6.19', 3),
(19020038, 7, '7.89', 3),
(19020039, 2, '2.50', 3),
(19020039, 4, '7.12', 3),
(19020040, 4, '5.87', 2),
(19020040, 15, '5.24', 3),
(19020041, 1, '6.35', 2),
(19020041, 12, '4.60', 2),
(19020042, 10, '0.29', 1),
(19020042, 15, '4.91', 3),
(19020043, 5, '0.32', 2),
(19020043, 15, '2.19', 1),
(19020044, 10, '4.69', 2),
(19020044, 16, '1.13', 2),
(19020045, 4, '8.59', 2),
(19020045, 8, '1.04', 3),
(19020046, 10, '7.40', 2),
(19020046, 16, '0.33', 3),
(19020047, 6, '6.73', 1),
(19020047, 7, '1.77', 2),
(19020048, 1, '8.86', 3),
(19020048, 15, '6.27', 3),
(19020049, 9, '5.82', 2),
(19020049, 13, '6.05', 3),
(19020050, 8, '2.88', 1),
(19020050, 14, '0.85', 2),
(19020051, 5, '7.07', 2),
(19020051, 7, '6.93', 3),
(19020052, 11, '2.95', 1),
(19020052, 16, '0.94', 3),
(19020053, 8, '2.18', 1),
(19020053, 16, '0.64', 3),
(19020054, 4, '7.14', 1),
(19020054, 8, '5.72', 3),
(19020055, 6, '9.93', 2),
(19020055, 11, '0.41', 2),
(19020056, 11, '8.95', 1),
(19020056, 16, '4.57', 3),
(19020057, 13, '2.42', 3),
(19020057, 16, '6.11', 3),
(19020058, 12, '1.15', 2),
(19020058, 13, '6.70', 1),
(19020059, 14, '4.49', 1),
(19020059, 15, '9.94', 3),
(19020060, 4, '5.95', 2),
(19020060, 8, '8.86', 1),
(19020061, 1, '3.36', 1),
(19020061, 10, '9.95', 2),
(19020062, 13, '6.55', 3),
(19020062, 15, '6.63', 2),
(19020063, 6, '8.15', 3),
(19020063, 9, '5.57', 3),
(19020064, 5, '4.11', 1),
(19020064, 15, '5.02', 3),
(19020065, 4, '8.93', 2),
(19020065, 7, '7.05', 2),
(19020066, 6, '7.93', 3),
(19020066, 9, '2.37', 2),
(19020067, 9, '8.30', 1),
(19020067, 13, '1.52', 1),
(19020068, 2, '1.93', 1),
(19020068, 7, '2.86', 2),
(19020069, 6, '9.24', 2),
(19020069, 15, '7.71', 1),
(19020070, 1, '2.75', 1),
(19020070, 2, '4.36', 2),
(19020071, 15, '8.27', 3),
(19020072, 1, '8.22', 2),
(19020072, 10, '7.13', 3),
(19020073, 9, '5.37', 2),
(19020073, 14, '6.83', 3),
(19020074, 3, '2.63', 1),
(19020074, 4, '4.39', 3),
(19020075, 5, '2.34', 2),
(19020075, 16, '2.82', 3),
(19020076, 13, '0.38', 1),
(19020077, 5, '5.48', 2),
(19020077, 15, '7.74', 2),
(19020078, 3, '2.55', 2),
(19020078, 15, '4.20', 1),
(19020079, 6, '2.19', 3),
(19020080, 7, '4.41', 3),
(19020080, 15, '2.88', 3),
(19020081, 1, '3.68', 2),
(19020081, 7, '0.86', 3),
(19020082, 4, '9.60', 1),
(19020082, 6, '3.67', 3),
(19020083, 9, '0.77', 2),
(19020083, 13, '4.11', 2),
(19020084, 9, '4.23', 3),
(19020084, 16, '7.15', 2),
(19020085, 7, '2.89', 2),
(19020086, 4, '6.26', 2),
(19020086, 5, '0.65', 2),
(19020087, 7, '9.04', 3),
(19020087, 10, '9.80', 1),
(19020088, 9, '9.81', 1),
(19020088, 12, '3.79', 3),
(19020089, 14, '5.76', 3),
(19020089, 16, '3.23', 2),
(19020090, 5, '7.62', 1),
(19020090, 14, '2.61', 3),
(19020091, 8, '6.77', 2),
(19020091, 12, '8.46', 3),
(19020092, 8, '0.18', 3),
(19020092, 12, '3.97', 1),
(19020093, 2, '6.64', 2),
(19020093, 3, '0.68', 3),
(19020094, 7, '6.54', 1),
(19020094, 9, '7.29', 3),
(19020095, 3, '1.37', 1),
(19020095, 10, '7.17', 1),
(19020096, 7, '0.98', 2),
(19020096, 14, '6.06', 2),
(19020097, 12, '7.22', 2),
(19020097, 16, '5.84', 3),
(19020098, 8, '9.44', 1),
(19020098, 13, '6.65', 3),
(19020099, 1, '7.77', 3),
(19020099, 15, '0.44', 2),
(19020100, 6, '4.91', 2),
(19020100, 8, '7.25', 1),
(19020101, 2, '3.29', 3),
(19020101, 6, '0.70', 2),
(19020102, 10, '5.38', 2),
(19020102, 12, '4.69', 3),
(19020103, 9, '7.28', 3),
(19020103, 10, '7.82', 3),
(19020104, 3, '4.57', 2),
(19020104, 5, '3.37', 1),
(19020105, 2, '0.88', 1),
(19020105, 8, '8.67', 2),
(19020106, 4, '9.73', 3),
(19020106, 15, '0.38', 1),
(19020107, 6, '8.45', 1),
(19020107, 8, '1.27', 1),
(19020108, 8, '6.35', 1),
(19020108, 15, '9.16', 3),
(19020109, 1, '2.36', 1),
(19020109, 2, '5.70', 1),
(19020110, 2, '4.01', 3),
(19020110, 4, '0.41', 1),
(19020111, 1, '0.87', 3),
(19020111, 8, '1.43', 3),
(19020112, 1, '2.65', 3),
(19020112, 10, '4.06', 1),
(19020113, 7, '0.67', 3),
(19020113, 16, '9.16', 2),
(19020114, 6, '6.08', 2),
(19020114, 13, '2.64', 1),
(19020115, 4, '3.96', 2),
(19020115, 13, '9.29', 3),
(19020116, 6, '8.63', 1),
(19020116, 15, '6.22', 3),
(19020117, 6, '1.64', 1),
(19020117, 16, '3.91', 1),
(19020118, 13, '2.61', 1),
(19020118, 14, '2.50', 2),
(19020119, 3, '3.99', 1),
(19020119, 15, '1.46', 1),
(19020120, 4, '2.42', 3),
(19020120, 15, '5.21', 1),
(19020121, 7, '5.97', 3),
(19020121, 10, '1.24', 3),
(19020122, 5, '6.27', 3),
(19020122, 8, '8.29', 2),
(19020123, 4, '8.13', 3),
(19020123, 14, '9.97', 3),
(19020124, 1, '7.40', 1),
(19020124, 5, '10.00', 2),
(19020125, 3, '3.63', 3),
(19020125, 15, '0.87', 3),
(19020126, 6, '6.57', 1),
(19020126, 10, '5.61', 1),
(19020127, 6, '3.79', 2),
(19020127, 8, '7.55', 1),
(19020128, 14, '2.61', 3),
(19020128, 16, '3.46', 2),
(19020129, 2, '2.08', 2),
(19020129, 16, '0.15', 2),
(19020130, 7, '9.80', 2),
(19020130, 14, '8.20', 3),
(19020131, 13, '2.24', 2),
(19020131, 16, '7.50', 1),
(19020132, 2, '3.97', 2),
(19020132, 5, '0.70', 3),
(19020133, 9, '5.62', 3),
(19020133, 13, '3.69', 2),
(19020134, 11, '1.16', 3),
(19020134, 14, '3.32', 1),
(19020135, 3, '1.41', 2),
(19020135, 8, '3.30', 1),
(20020001, 1, '9.08', 1),
(20020001, 9, '1.16', 2),
(20020002, 2, '7.12', 1),
(20020003, 2, '9.09', 2),
(20020003, 9, '7.88', 3),
(20020004, 13, '7.77', 1),
(20020004, 15, '9.99', 1),
(20020005, 1, '0.85', 2),
(20020005, 13, '7.00', 1),
(20020006, 8, '9.36', 1),
(20020006, 11, '9.50', 3),
(20020007, 3, '9.45', 3),
(20020007, 11, '8.62', 2),
(20020008, 9, '5.38', 3),
(20020008, 11, '0.18', 1),
(20020009, 1, '3.33', 1),
(20020009, 4, '4.38', 1),
(20020010, 11, '0.31', 1),
(20020010, 15, '5.85', 3),
(20020011, 10, '1.15', 1),
(20020011, 16, '4.85', 1),
(20020012, 1, '6.60', 2),
(20020012, 14, '2.92', 1),
(20020013, 6, '3.66', 2),
(20020013, 11, '5.47', 2),
(20020014, 3, '3.03', 2),
(20020014, 11, '8.16', 3),
(20020015, 3, '3.82', 2),
(20020015, 15, '1.41', 1),
(20020016, 1, '5.62', 3),
(20020016, 12, '8.62', 2),
(20020017, 10, '3.95', 2),
(20020017, 14, '7.06', 3),
(20020018, 7, '8.15', 2),
(20020018, 8, '1.50', 1),
(20020019, 8, '0.08', 2),
(20020019, 16, '5.88', 1),
(20020020, 6, '8.49', 3),
(20020020, 14, '4.18', 2),
(20020021, 4, '4.49', 2),
(20020021, 9, '7.95', 3),
(20020022, 1, '2.20', 1),
(20020022, 2, '5.51', 1),
(20020023, 3, '7.14', 2),
(20020023, 10, '5.10', 2),
(20020024, 4, '1.96', 1),
(20020024, 7, '6.01', 2),
(20020025, 4, '0.64', 1),
(20020025, 10, '1.44', 3),
(20020026, 2, '3.63', 2),
(20020026, 14, '5.95', 1),
(20020027, 5, '3.82', 3),
(20020027, 10, '6.95', 1),
(20020028, 14, '5.09', 2),
(20020028, 15, '7.82', 2),
(20020029, 7, '2.83', 3),
(20020030, 15, '2.57', 2),
(20020030, 16, '6.09', 3),
(20020031, 6, '3.63', 2),
(20020031, 15, '5.89', 3),
(20020032, 2, '3.86', 3),
(20020032, 13, '2.07', 2),
(20020033, 16, '5.41', 1),
(20020034, 8, '1.57', 3),
(20020034, 10, '6.13', 2),
(20020035, 10, '4.36', 1),
(20020035, 11, '2.91', 1),
(20020036, 13, '9.12', 2),
(20020036, 14, '7.39', 2),
(20020037, 5, '2.83', 3),
(20020037, 16, '5.56', 2),
(20020038, 7, '4.18', 3),
(20020038, 13, '0.64', 2),
(20020039, 8, '4.83', 1),
(20020039, 10, '9.90', 3),
(20020040, 9, '8.01', 3),
(20020040, 12, '7.14', 1),
(20020041, 2, '7.25', 1),
(20020041, 14, '9.30', 3),
(20020042, 1, '8.05', 2),
(20020042, 14, '8.68', 3),
(20020043, 4, '1.42', 3),
(20020043, 14, '7.75', 3),
(20020044, 9, '2.18', 3),
(20020044, 11, '7.75', 3),
(20020045, 2, '8.43', 2),
(20020045, 12, '8.17', 2),
(20020046, 2, '6.43', 1),
(20020046, 5, '8.23', 2),
(20020047, 2, '5.29', 2),
(20020047, 16, '1.07', 1),
(20020048, 5, '6.11', 2),
(20020048, 16, '6.56', 1),
(20020049, 9, '5.76', 3),
(20020049, 13, '3.47', 2),
(20020050, 5, '5.49', 2),
(20020050, 15, '6.01', 2),
(20020051, 4, '1.29', 1),
(20020052, 2, '3.79', 3),
(20020052, 5, '5.07', 3),
(20020053, 8, '9.29', 2),
(20020053, 11, '8.68', 2),
(20020054, 2, '3.96', 3),
(20020054, 16, '3.98', 1),
(20020055, 4, '0.73', 3),
(20020055, 13, '0.94', 1),
(20020056, 1, '8.44', 1),
(20020056, 15, '7.64', 1),
(20020057, 2, '3.76', 2),
(20020057, 4, '7.63', 1),
(20020058, 8, '9.85', 1),
(20020059, 2, '4.27', 3),
(20020059, 4, '8.36', 1),
(20020060, 11, '3.41', 2),
(20020060, 12, '8.11', 3),
(20020061, 8, '2.21', 3),
(20020061, 16, '7.26', 2),
(20020062, 11, '0.87', 3),
(20020062, 12, '6.70', 3),
(20020063, 7, '5.38', 1),
(20020063, 14, '9.00', 1),
(20020064, 5, '5.83', 3),
(20020064, 13, '0.46', 3),
(20020065, 11, '7.84', 3),
(20020065, 14, '5.42', 3),
(20020066, 4, '5.60', 3),
(20020066, 14, '5.20', 1),
(20020067, 15, '2.01', 3),
(20020068, 4, '7.57', 2),
(20020068, 10, '5.78', 2),
(20020069, 7, '0.67', 2),
(20020069, 11, '6.56', 1),
(20020070, 3, '5.95', 2),
(20020070, 8, '2.92', 1),
(20020071, 1, '8.30', 1),
(20020071, 6, '7.34', 1),
(20020072, 9, '4.85', 1),
(20020072, 15, '6.72', 2),
(20020073, 6, '2.13', 2),
(20020073, 8, '8.82', 3),
(20020074, 5, '7.58', 3),
(20020074, 10, '7.66', 2),
(20020075, 5, '8.34', 1),
(20020075, 15, '0.21', 2),
(20020076, 3, '6.51', 3),
(20020076, 4, '9.78', 2),
(20020077, 3, '9.97', 1),
(20020077, 16, '3.94', 2),
(20020078, 2, '6.95', 3),
(20020078, 4, '9.70', 2),
(20020079, 8, '6.69', 1),
(20020079, 14, '6.90', 2),
(20020080, 4, '9.22', 2),
(20020080, 5, '8.68', 1),
(20020081, 7, '3.93', 2),
(20020081, 16, '2.65', 2),
(20020082, 6, '1.27', 1),
(20020082, 8, '6.66', 2),
(20020083, 7, '3.42', 1),
(20020083, 8, '0.06', 3),
(20020084, 6, '2.95', 2),
(20020084, 11, '4.06', 1),
(20020085, 12, '7.94', 3),
(20020085, 14, '8.11', 3),
(20020086, 2, '4.32', 2),
(20020086, 4, '7.31', 1),
(20020087, 8, '3.24', 1),
(20020087, 13, '9.87', 3),
(20020088, 1, '5.09', 2),
(20020088, 6, '0.75', 2),
(20020089, 5, '0.66', 1),
(20020089, 14, '8.52', 3),
(20020090, 4, '2.82', 2),
(20020090, 6, '6.88', 1),
(20020091, 7, '8.62', 3),
(20020091, 13, '0.58', 1),
(20020092, 6, '8.33', 1),
(20020092, 7, '8.13', 3),
(20020093, 8, '5.29', 2),
(20020093, 14, '4.34', 2),
(20020094, 14, '1.80', 3),
(20020095, 8, '1.86', 3),
(20020095, 11, '0.68', 1),
(20020096, 4, '6.80', 1),
(20020096, 8, '4.33', 2),
(20020097, 2, '0.71', 1),
(20020097, 5, '8.41', 2),
(20020098, 8, '7.40', 2),
(20020098, 10, '2.58', 1),
(20020099, 2, '4.25', 1),
(20020099, 5, '6.25', 2),
(20020100, 6, '8.97', 1),
(20020100, 8, '3.43', 3),
(20020101, 5, '7.51', 3),
(20020101, 7, '9.84', 3),
(20020102, 7, '9.14', 2),
(20020102, 9, '4.52', 1),
(20020103, 1, '1.78', 1),
(20020103, 7, '9.03', 3),
(20020104, 9, '6.61', 1),
(20020104, 15, '1.54', 1),
(20020105, 5, '6.12', 2),
(20020105, 8, '0.03', 1),
(20020106, 9, '9.14', 3),
(20020106, 14, '0.61', 3),
(20020107, 5, '6.62', 3),
(20020107, 16, '9.30', 3),
(20020108, 3, '3.39', 1),
(20020108, 14, '2.86', 3),
(20020109, 7, '0.48', 1),
(20020109, 9, '9.31', 1),
(20020110, 10, '5.46', 2),
(20020110, 11, '1.71', 2),
(20020111, 4, '9.29', 3),
(20020111, 10, '0.32', 2),
(20020112, 2, '1.55', 2),
(20020112, 13, '8.58', 1),
(20020113, 5, '6.62', 1),
(20020113, 9, '6.27', 3),
(20020114, 3, '7.22', 1),
(20020114, 9, '6.35', 3),
(20020115, 1, '3.64', 2),
(20020115, 12, '3.51', 1),
(20020116, 11, '1.09', 3),
(20020116, 13, '8.93', 3),
(20020117, 6, '1.99', 1),
(20020117, 11, '6.78', 2),
(20020118, 5, '0.36', 2),
(20020118, 14, '1.55', 2),
(20020119, 5, '4.78', 3),
(20020119, 6, '6.17', 1),
(20020120, 3, '2.65', 3),
(20020120, 5, '5.71', 1),
(20020121, 10, '9.05', 1),
(20020121, 12, '4.27', 2),
(20020122, 3, '7.98', 1),
(20020122, 12, '6.17', 2),
(20020123, 8, '5.89', 2),
(20020123, 10, '2.86', 3),
(20020124, 10, '8.44', 1),
(20020124, 16, '3.12', 3),
(20020125, 2, '1.60', 3),
(20020125, 15, '5.91', 1),
(20020126, 5, '6.34', 1),
(20020126, 12, '8.05', 3),
(20020127, 7, '1.41', 2),
(20020127, 16, '1.45', 1),
(20020128, 6, '0.71', 3),
(20020128, 12, '3.95', 3),
(20020129, 4, '5.51', 2),
(20020129, 5, '3.24', 1),
(20020130, 2, '5.86', 3),
(20020130, 13, '4.83', 3),
(20020131, 1, '2.83', 1),
(20020132, 12, '9.49', 1),
(20020132, 14, '5.82', 2),
(20020133, 5, '3.88', 1),
(20020133, 8, '7.42', 3),
(20020134, 2, '6.29', 3),
(20020134, 7, '5.84', 1),
(20020135, 6, '5.17', 2),
(20020135, 15, '4.59', 3),
(20020136, 5, '0.62', 1),
(20020136, 8, '9.59', 1),
(20020137, 3, '3.66', 2),
(20020137, 9, '1.89', 2),
(20020138, 3, '2.81', 2),
(20020138, 6, '0.68', 2),
(20020139, 4, '3.30', 3),
(20020139, 12, '9.83', 1),
(20020140, 3, '1.51', 1),
(20020140, 7, '3.93', 3),
(20020141, 4, '2.97', 3),
(20020141, 6, '7.12', 1),
(20020142, 8, '5.27', 1),
(20020142, 11, '8.65', 2),
(20020143, 9, '4.83', 2),
(20020143, 15, '3.54', 2),
(20020144, 5, '0.43', 1),
(20020144, 8, '3.49', 2),
(20020145, 8, '5.61', 2),
(20020145, 16, '5.21', 3),
(20020146, 10, '3.71', 3),
(20020146, 16, '9.60', 3),
(20020147, 1, '5.25', 3),
(20020147, 16, '1.42', 3),
(20020148, 2, '4.30', 2),
(20020148, 15, '7.97', 2),
(20020149, 10, '9.61', 3),
(20020149, 15, '8.62', 1),
(20020150, 4, '7.78', 2),
(20020150, 15, '3.40', 3),
(20020151, 10, '1.33', 1),
(20020151, 14, '9.78', 2),
(20020152, 8, '1.07', 2),
(20020152, 15, '1.18', 1),
(20020153, 3, '6.85', 2),
(20020153, 8, '6.13', 1),
(20020154, 5, '0.07', 1),
(20020154, 11, '7.25', 1),
(20020155, 1, '5.45', 3),
(20020155, 9, '4.07', 3),
(20020156, 5, '3.55', 3),
(20020156, 7, '5.88', 3),
(20020157, 3, '2.06', 3),
(20020157, 4, '5.91', 2),
(20020158, 7, '2.59', 1),
(20020158, 10, '6.18', 3),
(20020159, 8, '9.86', 2),
(20020159, 11, '9.46', 3),
(20020160, 9, '7.83', 3),
(20020160, 12, '3.17', 3),
(20020161, 13, '5.75', 2),
(20020161, 15, '4.27', 2),
(20020162, 3, '4.27', 1),
(20020163, 7, '9.05', 2),
(20020163, 16, '6.48', 2),
(20020164, 1, '4.40', 3),
(20020164, 3, '3.35', 2),
(20020165, 9, '4.10', 3),
(20020165, 12, '5.46', 2),
(20020166, 2, '2.79', 2),
(20020166, 4, '8.90', 2),
(20020167, 9, '3.30', 3),
(20020167, 15, '2.33', 1),
(20020168, 3, '4.64', 2),
(20020168, 7, '5.58', 3),
(20020169, 10, '3.15', 1),
(20020169, 12, '4.09', 2),
(20020170, 1, '4.01', 1),
(20020170, 15, '3.87', 1),
(20020171, 5, '0.89', 1),
(20020171, 12, '1.35', 1),
(20020172, 1, '2.11', 3),
(20020172, 15, '8.71', 2),
(20020173, 8, '7.07', 3),
(20020173, 12, '0.53', 1),
(20020174, 1, '2.51', 2),
(20020174, 2, '2.11', 3),
(20020175, 2, '9.98', 2),
(20020175, 3, '2.74', 1),
(20020176, 12, '2.38', 2),
(20020176, 13, '9.98', 3),
(20020177, 13, '6.67', 2),
(20020177, 14, '7.56', 1),
(20020178, 2, '5.56', 2),
(20020178, 16, '3.35', 3),
(20020179, 4, '1.37', 3),
(20020179, 5, '0.24', 3),
(20020180, 5, '3.43', 3),
(20020180, 14, '5.33', 3),
(20020181, 13, '9.76', 3),
(20020181, 16, '3.29', 3),
(20020182, 4, '4.06', 3),
(20020182, 5, '1.02', 1),
(20020183, 5, '9.52', 3),
(20020183, 8, '2.16', 1),
(20020184, 8, '2.01', 2),
(20020184, 16, '8.47', 1),
(21020001, 4, '2.99', 1),
(21020001, 13, '4.99', 1),
(21020002, 4, '1.18', 3),
(21020002, 11, '9.33', 1),
(21020003, 3, '4.93', 2),
(21020003, 13, '2.65', 3),
(21020004, 1, '2.19', 2),
(21020004, 14, '8.89', 3),
(21020005, 12, '7.09', 1),
(21020005, 15, '9.69', 2),
(21020006, 6, '3.30', 2),
(21020006, 11, '4.39', 2),
(21020007, 2, '7.83', 1),
(21020007, 16, '1.37', 3),
(21020008, 3, '4.73', 1),
(21020008, 14, '7.14', 3),
(21020009, 1, '5.07', 1),
(21020010, 9, '8.37', 1),
(21020010, 14, '1.84', 3),
(21020011, 1, '7.05', 2),
(21020011, 3, '3.68', 3),
(21020012, 1, '0.36', 1),
(21020012, 10, '9.70', 3),
(21020013, 1, '1.49', 2),
(21020013, 12, '3.62', 2),
(21020014, 5, '7.14', 2),
(21020014, 9, '3.29', 2),
(21020015, 3, '9.37', 3),
(21020015, 5, '8.74', 3),
(21020016, 3, '3.38', 1),
(21020016, 13, '0.41', 1),
(21020017, 5, '1.41', 3),
(21020017, 10, '6.33', 1),
(21020018, 3, '4.64', 2),
(21020018, 14, '9.19', 3),
(21020019, 1, '3.44', 1),
(21020019, 7, '4.33', 3),
(21020020, 1, '3.44', 1),
(21020020, 10, '6.34', 2),
(21020021, 11, '7.04', 1),
(21020021, 13, '0.56', 3),
(21020022, 10, '1.17', 2),
(21020022, 12, '0.34', 2),
(21020023, 5, '9.27', 3),
(21020023, 12, '5.68', 2),
(21020024, 7, '8.86', 1),
(21020024, 9, '6.10', 1),
(21020025, 7, '0.91', 1),
(21020025, 13, '7.60', 1),
(21020026, 7, '9.76', 2),
(21020026, 10, '6.03', 2),
(21020027, 4, '8.36', 3),
(21020027, 16, '6.21', 2),
(21020028, 5, '7.59', 3),
(21020028, 10, '6.23', 1),
(21020029, 10, '6.21', 2),
(21020029, 13, '3.62', 3),
(21020030, 4, '5.99', 2),
(21020030, 13, '1.74', 2),
(21020031, 3, '4.56', 3),
(21020031, 7, '9.51', 1),
(21020032, 1, '8.07', 1),
(21020032, 12, '2.79', 1),
(21020033, 12, '0.77', 2),
(21020033, 16, '4.89', 2),
(21020034, 2, '7.79', 2),
(21020034, 15, '5.27', 1),
(21020035, 10, '6.11', 1),
(21020035, 16, '5.76', 2),
(21020036, 13, '6.42', 3),
(21020036, 14, '3.29', 3),
(21020037, 9, '0.61', 1),
(21020037, 14, '5.77', 1),
(21020038, 4, '2.23', 2),
(21020038, 14, '3.46', 1),
(21020039, 14, '1.15', 2),
(21020039, 16, '8.97', 3),
(21020040, 8, '8.66', 2),
(21020040, 14, '8.28', 3),
(21020041, 1, '6.84', 2),
(21020041, 14, '4.92', 1),
(21020042, 12, '4.03', 1),
(21020042, 14, '5.28', 3),
(21020043, 7, '8.85', 2),
(21020043, 10, '1.87', 3),
(21020044, 4, '0.32', 2),
(21020044, 12, '9.21', 1),
(21020045, 10, '1.02', 1),
(21020045, 14, '0.84', 3),
(21020046, 9, '1.09', 1),
(21020047, 6, '0.34', 3),
(21020047, 9, '4.89', 2),
(21020048, 9, '1.52', 3),
(21020048, 10, '6.24', 1),
(21020049, 12, '4.85', 2),
(21020049, 13, '4.71', 3),
(21020050, 2, '0.33', 2),
(21020050, 11, '7.02', 1),
(21020051, 3, '2.87', 3),
(21020051, 16, '0.47', 2),
(21020052, 11, '7.22', 2),
(21020052, 15, '1.71', 2),
(21020053, 9, '1.43', 2),
(21020054, 4, '7.46', 2),
(21020054, 13, '2.57', 3),
(21020055, 13, '5.90', 1),
(21020055, 14, '7.86', 2),
(21020056, 8, '1.12', 1),
(21020056, 13, '1.57', 1),
(21020057, 3, '9.15', 1),
(21020057, 9, '7.24', 1),
(21020058, 1, '9.93', 3),
(21020058, 7, '0.55', 3),
(21020059, 12, '6.06', 2),
(21020059, 16, '0.37', 2),
(21020060, 6, '0.53', 1),
(21020060, 14, '3.76', 1),
(21020061, 8, '1.80', 1),
(21020061, 16, '3.95', 2),
(21020062, 2, '7.75', 3),
(21020062, 3, '9.44', 3),
(21020063, 9, '6.55', 2),
(21020063, 16, '0.52', 2),
(21020064, 7, '7.39', 3),
(21020064, 10, '8.09', 3),
(21020065, 8, '9.74', 3),
(21020065, 12, '8.79', 1),
(21020066, 1, '6.95', 3),
(21020066, 9, '6.10', 3),
(21020067, 10, '6.11', 2),
(21020067, 11, '0.28', 3),
(21020068, 7, '7.46', 2),
(21020068, 8, '6.86', 2),
(21020069, 6, '5.15', 1),
(21020069, 15, '3.52', 2),
(21020070, 1, '3.03', 2),
(21020070, 3, '7.92', 3),
(21020071, 8, '7.95', 1),
(21020071, 13, '2.09', 3),
(21020072, 4, '8.00', 1),
(21020072, 10, '6.25', 1),
(21020073, 2, '8.92', 1),
(21020073, 15, '6.90', 3),
(21020074, 3, '8.04', 1),
(21020074, 6, '4.47', 3),
(21020075, 11, '2.53', 3),
(21020075, 13, '9.94', 1),
(21020076, 2, '8.44', 3),
(21020076, 8, '9.35', 1),
(21020077, 1, '5.42', 3),
(21020077, 6, '8.24', 3),
(21020078, 13, '5.98', 1),
(21020078, 15, '2.68', 2),
(21020079, 2, '4.95', 2),
(21020079, 3, '0.17', 1),
(21020080, 5, '6.28', 1),
(21020080, 15, '1.33', 3),
(21020081, 6, '5.64', 2),
(21020081, 9, '3.24', 1),
(21020082, 6, '4.61', 1),
(21020082, 11, '0.16', 3),
(21020083, 4, '6.28', 3),
(21020083, 14, '1.33', 3),
(21020084, 8, '4.04', 3),
(21020084, 13, '3.58', 3),
(21020085, 5, '5.47', 1),
(21020085, 13, '5.97', 1),
(21020086, 7, '2.78', 3),
(21020086, 9, '1.34', 2),
(21020087, 4, '4.82', 2),
(21020087, 5, '7.55', 3),
(21020088, 8, '2.57', 1),
(21020088, 11, '9.79', 3),
(21020089, 5, '9.89', 2),
(21020089, 8, '6.18', 1);

-- --------------------------------------------------------

--
-- Cấu trúc bảng cho bảng `major`
--

CREATE TABLE `major` (
  `major_id` int(11) NOT NULL,
  `major_name` varchar(50) NOT NULL
) ENGINE=InnoDB DEFAULT CHARSET=utf8mb4;

--
-- Đang đổ dữ liệu cho bảng `major`
--

INSERT INTO `major` (`major_id`, `major_name`) VALUES
(1, 'Công nghệ hàng không vũ trụ'),
(2, 'Công nghệ nông nghiệp'),
(3, 'Kỹ thuật điều khiển và tự động hóa'),
(4, 'Công nghệ Thông tin'),
(5, 'Kỹ thuật năng lượng'),
(6, 'Cơ kỹ thuật'),
(7, 'Kỹ thuật máy tính'),
(8, 'Công nghệ Kỹ thuật xây dựng');

-- --------------------------------------------------------

--
-- Cấu trúc bảng cho bảng `school_year`
--

CREATE TABLE `school_year` (
  `year_id` int(11) NOT NULL,
  `year_start` int(11) NOT NULL,
  `year_end` int(11) NOT NULL
) ENGINE=InnoDB DEFAULT CHARSET=utf8mb4;

--
-- Đang đổ dữ liệu cho bảng `school_year`
--

INSERT INTO `school_year` (`year_id`, `year_start`, `year_end`) VALUES
(1, 2018, 2022),
(2, 2019, 2023),
(3, 2020, 2024),
(4, 2021, 2025);

-- --------------------------------------------------------

--
-- Cấu trúc bảng cho bảng `student`
--

CREATE TABLE `student` (
  `student_id` int(11) NOT NULL,
  `name` varchar(50) NOT NULL,
  `date_of_birth` date NOT NULL,
  `gender` varchar(10) NOT NULL,
  `hometown` varchar(255) NOT NULL,
  `address` varchar(255) NOT NULL,
  `phone` varchar(12) NOT NULL,
  `class_id` int(11) NOT NULL
) ENGINE=InnoDB DEFAULT CHARSET=utf8mb4;

--
-- Đang đổ dữ liệu cho bảng `student`
--

INSERT INTO `student` (`student_id`, `name`, `date_of_birth`, `gender`, `hometown`, `address`, `phone`, `class_id`) VALUES
(18020001, 'Ngô Đăng Hoàng Anh', '2000-02-06', 'Nam', 'Bắc Ninh', 'Bắc Ninh', '927019716', 1),
(18020002, 'Ngô Việt Anh', '2000-12-08', 'Nam', 'Hải Dương', 'Hải Dương', '949732045', 1),
(18020003, 'Nguyễn Đình Anh', '2000-11-13', 'Nam', 'Hà Nội', 'Hà Nội', '987486881', 1),
(18020004, 'Nguyễn Quang Anh', '2000-03-17', 'Nam', 'Liên Bang Nga', 'Liên Bang Nga', '999722383', 1),
(18020005, 'Nguyễn Quốc Anh', '2000-10-26', 'Nam', 'Thanh Hóa', 'Thanh Hóa', '989873481', 1),
(18020006, 'Phan Thị Ngọc Ánh', '2000-02-25', 'Nữ', 'Bắc Ninh', 'Bắc Ninh', '932004423', 1),
(18020007, 'Nguyễn Đình Bá', '2000-07-04', 'Nam', 'Hà Nội', 'Hà Nội', '934761333', 1),
(18020008, 'Vương Đức Chiến', '2000-02-12', 'Nam', 'Hải Dương', 'Hải Dương', '917832964', 1),
(18020009, 'Nguyễn Phú Dũng', '2000-08-03', 'Nam', 'Nam Định', 'Nam Định', '949987204', 1),
(18020010, 'Nguyễn Tiến Dũng', '2000-07-24', 'Nam', 'Hà Nội', 'Hà Nội', '960246992', 1),
(18020011, 'Lê Tùng Dương', '2000-08-10', 'Nam', 'Thanh Hóa', 'Thanh Hóa', '945926707', 1),
(18020012, 'Nguyễn Tiến Đạt', '2000-02-18', 'Nam', 'Hà Nội', 'Hà Nội', '979839718', 5),
(18020013, 'Nguyễn Trọng Đạt', '2000-05-29', 'Nam', 'Nam Định', 'Nam Định', '986579244', 5),
(18020014, 'Nguyễn Hải Đăng', '2000-02-26', 'Nam', 'Hà Nội', 'Hà Nội', '946587973', 5),
(18020015, 'Lê Quang Đức', '2000-06-04', 'Nam', 'Nam Định', 'Nam Định', '933583536', 5),
(18020016, 'Vũ Thị Thu Hiên', '2000-11-17', 'Nữ', 'Nam Định', 'Nam Định', '985270716', 5),
(18020017, 'Vũ Minh Hiếu', '2000-07-30', 'Nam', 'Hà Nam', 'Hà Nam', '992985641', 5),
(18020018, 'Nguyễn Lê Đức Hoàng', '2000-06-17', 'Nam', 'Sơn La', 'Sơn La', '995812704', 5),
(18020019, 'Nguyễn Trọng Hoàng', '2000-07-08', 'Nam', 'Bắc Giang', 'Bắc Giang', '989770454', 5),
(18020020, 'Phạm Xuân Huấn', '2000-03-09', 'Nam', 'Hải Dương', 'Hải Dương', '963099451', 5),
(18020021, 'Nguyễn Mạnh Hùng', '2000-01-22', 'Nam', 'Quảng Ninh', 'Quảng Ninh', '918672129', 5),
(18020022, 'Nguyễn Việt Hùng', '2000-04-23', 'Nam', 'Hà Nội', 'Hà Nội', '920498485', 5),
(18020023, 'Bùi Quốc Huy', '2000-03-06', 'Nam', 'Nam Định', 'Nam Định', '926173055', 9),
(18020024, 'Trần Thị Thanh Huyền', '2000-02-21', 'Nữ', 'Thanh Hóa', 'Thanh Hóa', '996025322', 9),
(18020025, 'Hoàng Trung Kiên', '2000-01-18', 'Nam', 'Thái Bình', 'Thái Bình', '998104802', 9),
(18020026, 'Lê Tuấn Kiệt', '2000-06-28', 'Nam', 'Thanh Hóa', 'Thanh Hóa', '996697322', 9),
(18020027, 'Vũ Tuấn Kiệt', '2000-07-05', 'Nam', 'Hà Nội', 'Hà Nội', '910590277', 9),
(18020028, 'Trịnh Viết Mạnh', '2000-09-07', 'Nam', 'Nam Định', 'Nam Định', '943969340', 9),
(18020029, 'Nguyễn Trọng Minh', '2000-05-31', 'Nam', 'Hà Nội', 'Hà Nội', '939745228', 9),
(18020030, 'Trần Quang Minh', '2000-12-27', 'Nam', 'Hà Nội', 'Hà Nội', '993791522', 9),
(18020031, 'Trần Thảo Ngân', '2000-04-10', 'Nữ', 'Hà Nội', 'Hà Nội', '997265471', 9),
(18020032, 'Hà Văn Nguyên', '2000-03-08', 'Nam', 'Thanh Hóa', 'Thanh Hóa', '982694625', 9),
(18020033, 'Bùi Xuân Phúc', '2000-01-03', 'Nam', 'Hà Nội', 'Hà Nội', '918358862', 9),
(18020034, 'Hoàng Minh Phương', '2000-03-07', 'Nam', 'Phú Thọ', 'Phú Thọ', '932183390', 13),
(18020035, 'Phùng Minh Phương', '2000-04-03', 'Nam', 'Hà Nội', 'Hà Nội', '925591247', 13),
(18020036, 'Dương Minh Quang', '2000-12-02', 'Nam', 'Hà Nội', 'Hà Nội', '983783300', 13),
(18020037, 'Nguyễn Trường Sơn', '2000-04-12', 'Nam', 'Thanh Hóa', 'Thanh Hóa', '940450516', 13),
(18020038, 'Cao Khánh Tân', '2000-01-27', 'Nam', 'Nghệ An', 'Nghệ An', '957831198', 13),
(18020039, 'Nguyễn Duy Thành', '2000-11-07', 'Nam', 'Hải Dương', 'Hải Dương', '925154158', 13),
(18020040, 'Nguyễn Đức Thắng', '2000-03-01', 'Nam', 'Hà Nội', 'Hà Nội', '990039861', 13),
(18020041, 'Lê Đình Thi', '2000-11-15', 'Nam', 'Nghệ An', 'Nghệ An', '943881726', 13),
(18020042, 'Nguyễn Mai Thương', '2000-02-29', 'Nữ', 'Ninh Bình', 'Ninh Bình', '953344496', 13),
(18020043, 'Ngô Thị Trang', '2000-06-22', 'Nữ', 'Thái Bình', 'Thái Bình', '963013700', 13),
(18020044, 'Nguyễn TrungThành', '2000-06-02', 'Nam', 'Vĩnh Phúc', 'Vĩnh Phúc', '977051947', 13),
(18020045, 'Hoàng Hữu Trường', '2000-11-12', 'Nam', 'Hà Nội', 'Hà Nội', '916754222', 17),
(18020046, 'Nguyễn Văn Trường', '2000-04-20', 'Nam', 'Hải Phòng', 'Hải Phòng', '986023835', 17),
(18020047, 'Bùi Minh Tú', '2000-02-28', 'Nữ', 'Nam Định', 'Nam Định', '996043890', 17),
(18020048, 'Dương Quang Vinh', '2000-11-14', 'Nam', 'Nghệ An', 'Nghệ An', '923052572', 17),
(18020049, 'Lê Văn Vinh', '2000-01-27', 'Nam', 'Thanh Hóa', 'Thanh Hóa', '997328381', 17),
(18020050, 'Lê Văn Vinh', '2000-01-09', 'Nam', 'Hải Dương', 'Hải Dương', '927037283', 17),
(18020051, 'Vũ Đình Ân', '2000-03-04', 'Nam', 'Nam Định', 'Nam Định', '982797383', 17),
(18020052, 'Lâm Đức Dương', '2000-11-19', 'Nam', 'Nam Định', 'Nam Định', '963992082', 17),
(18020053, 'Nguyễn Đức Hải', '2000-01-04', 'Nam', 'Nam Định', 'Nam Định', '965055699', 17),
(18020054, 'Trịnh Duy Linh', '2000-05-13', 'Nam', 'Thanh Hóa', 'Thanh Hóa', '926285546', 17),
(18020055, 'Nguyễn Văn Thiện', '2000-02-18', 'Nam', 'Hưng Yên', 'Hưng Yên', '923746792', 17),
(18020056, 'Nguyễn Thành Công', '2000-08-09', 'Nam', 'Nghệ An', 'Nghệ An', '912155895', 21),
(18020057, 'Nguyễn Tấn Dũng', '2000-03-20', 'Nam', 'Nghệ An', 'Nghệ An', '976020630', 21),
(18020058, 'Nguyễn Tiến Dũng', '2000-02-18', 'Nam', 'Bắc Ninh', 'Bắc Ninh', '918739412', 21),
(18020059, 'Nguyễn Đình Dương', '2000-03-02', 'Nam', 'Bắc Giang', 'Bắc Giang', '949585428', 21),
(18020060, 'Nguyễn Văn Đồng', '2000-02-16', 'Nam', 'Bắc Ninh', 'Bắc Ninh', '932784138', 21),
(18020061, 'Hoàng Ngọc Đức', '2000-08-28', 'Nam', 'Nghệ An', 'Nghệ An', '954572984', 21),
(18020062, 'Ngô Chí Được', '2000-05-05', 'Nam', 'Bắc Ninh', 'Bắc Ninh', '990064946', 21),
(18020063, 'Đinh Thị Thu Hiền', '2000-02-29', 'Nữ', 'Thái Bình', 'Thái Bình', '961627722', 21),
(18020064, 'Bành Sơn Hoàng', '2000-11-12', 'Nam', 'Bắc Giang', 'Bắc Giang', '946687700', 21),
(18020065, 'Nguyễn Văn Hoàng', '2000-08-06', 'Nam', 'Bắc Giang', 'Bắc Giang', '962570580', 21),
(18020066, 'Phan Trung Kiên', '2000-10-17', 'Nam', 'Thanh Hóa', 'Thanh Hóa', '961845285', 21),
(18020067, 'Nguyễn Phương Nam', '2000-09-17', 'Nam', 'Hòa Bình', 'Hòa Bình', '964646110', 25),
(18020068, 'Trần Đại Nghĩa', '2000-09-29', 'Nam', 'Nam Định', 'Nam Định', '930766289', 25),
(18020069, 'Hồ Thức Nhân', '2000-11-29', 'Nam', 'Nghệ An', 'Nghệ An', '970446667', 25),
(18020070, 'Trịnh Hữu Quân', '2000-02-17', 'Nam', 'Thanh Hóa', 'Thanh Hóa', '978543362', 25),
(18020071, 'Cù Đức Sang', '2000-09-29', 'Nam', 'Bắc Giang', 'Bắc Giang', '921110849', 25),
(18020072, 'Chu Mạnh Tân', '2000-02-15', 'Nam', 'Nam Định', 'Nam Định', '912196911', 25),
(18020073, 'Vũ Viết Thành', '2000-02-24', 'Nam', 'Quảng Ninh', 'Quảng Ninh', '977423427', 25),
(18020074, 'Chu Văn Thìn', '2000-06-30', 'Nam', 'Bắc Giang', 'Bắc Giang', '943032524', 25),
(18020075, 'Trần Văn Thịnh', '2000-10-11', 'Nam', 'Hà Nội', 'Hà Nội', '956257036', 25),
(18020076, 'Vũ Trung Thông', '2000-12-04', 'Nam', 'Hà Nam', 'Hà Nam', '983893660', 25),
(18020077, 'Đỗ Đức Thuận', '2000-08-17', 'Nam', 'Vĩnh Phúc', 'Vĩnh Phúc', '996821516', 25),
(18020078, 'Đỗ Minh Tiến', '2000-03-09', 'Nam', 'Hải Dương', 'Hải Dương', '910786370', 29),
(18020079, 'Nguyễn Mạnh Toàn', '2000-09-28', 'Nam', 'Hưng Yên', 'Hưng Yên', '922519782', 29),
(18020080, 'Đặng Văn Trung', '2000-08-16', 'Nam', 'Nghệ An', 'Nghệ An', '959577404', 29),
(18020081, 'Phạm Thành Trung', '2000-03-25', 'Nam', 'Hòa Bình', 'Hòa Bình', '995428089', 29),
(18020082, 'Phan Duy Tuân', '2000-04-28', 'Nam', 'Hà Tĩnh', 'Hà Tĩnh', '937640078', 29),
(18020083, 'Dương Thị Tố Uyên', '2000-11-11', 'Nữ', 'Hà Tĩnh', 'Hà Tĩnh', '993608230', 29),
(18020084, 'Nguyễn Tất Việt', '2000-03-29', 'Nam', 'Hải Dương', 'Hải Dương', '955211854', 29),
(18020085, 'Nguyễn Văn Anh', '2000-03-12', 'Nam', 'Hà Nội', 'Hà Nội', '933495286', 29),
(18020086, 'Lê Trần Lâm Bình', '2000-09-29', 'Nam', 'Lâm Đồng', 'Lâm Đồng', '971944159', 29),
(18020087, 'Lương Thành Công', '2000-08-10', 'Nam', 'Nghệ An', 'Nghệ An', '936439547', 29),
(18020088, 'Trịnh Hoàng', '2000-09-09', 'Nam', 'Bắc Ninh', 'Bắc Ninh', '945918029', 29),
(18020089, 'Trần Phi Hùng', '2000-01-31', 'Nam', 'Hà Nội', 'Hà Nội', '918778547', 33),
(18020090, 'Dương Thái Huy', '2000-12-19', 'Nam', 'Lai Châu', 'Lai Châu', '981848154', 33),
(18020091, 'Trần Quang Huy', '2000-03-27', 'Nam', 'Tuyên Quang', 'Tuyên Quang', '930377919', 33),
(18020092, 'Nguyễn Thế Khải', '2000-11-20', 'Nam', 'Quảng Bình', 'Quảng Bình', '911880063', 33),
(18020093, 'Lê Văn Kiên', '2000-03-28', 'Nam', 'Thanh Hóa', 'Thanh Hóa', '927218751', 33),
(18020094, 'Hoàng Văn Lương', '2000-12-16', 'Nam', 'Lạng Sơn', 'Lạng Sơn', '959593720', 33),
(18020095, 'Nguyễn Hữu Mạnh', '2000-02-01', 'Nam', 'Bắc Ninh', 'Bắc Ninh', '941691014', 33),
(18020096, 'Lê Công Nam', '2000-04-04', 'Nam', 'Bắc Ninh', 'Bắc Ninh', '947691800', 33),
(18020097, 'Nguyễn Minh Ngọc', '2000-11-30', 'Nam', 'Thái Bình', 'Thái Bình', '980445947', 33),
(18020098, 'Trần Thế Phong', '2000-07-18', 'Nam', 'Quảng Ngãi', 'Quảng Ngãi', '990234746', 33),
(18020099, 'Vũ Quang Phong', '2000-03-09', 'Nam', 'Bắc Ninh', 'Bắc Ninh', '986780497', 33),
(18020100, 'Nguyễn Văn Phương', '2000-05-14', 'Nam', 'Bắc Giang', 'Bắc Giang', '999715956', 33),
(18020101, 'Nguyễn Minh Quyết', '2000-03-29', 'Nam', 'Thái Bình', 'Thái Bình', '950081575', 33),
(18020102, 'Vi Quốc Thiện', '2000-10-05', 'Nam', 'Yên Bái', 'Yên Bái', '934962704', 33),
(18020103, 'Phan Đức Trung', '2000-12-23', 'Nam', 'Nghệ An', 'Nghệ An', '927808494', 33),
(19020001, 'Nguyễn Hoàng Tùng', '2001-03-13', 'Nam', 'Bắc Ninh', 'Bắc Ninh', '974302176', 2),
(19020002, 'Vũ Quốc Bảo', '2001-03-23', 'Nam', 'Vĩnh Phúc', 'Vĩnh Phúc', '983767188', 2),
(19020003, 'Chu Đình Duy', '2001-04-08', 'Nam', 'Quảng Ninh', 'Quảng Ninh', '998302177', 2),
(19020004, 'Vũ Quốc Đạt', '2001-10-07', 'Nam', 'Quảng Ninh', 'Quảng Ninh', '928442159', 2),
(19020005, 'Phạm Tiến Đoàn', '2001-06-11', 'Nam', 'Hà Nội', 'Hà Nội', '974098201', 2),
(19020006, 'Đặng Bá Khang', '2001-10-18', 'Nam', 'Hải Dương', 'Hải Dương', '914685383', 2),
(19020007, 'Nguyễn Đức Mạnh', '2001-03-18', 'Nam', 'Hải Dương', 'Hải Dương', '942497053', 2),
(19020008, 'Nguyễn Như Nam', '2001-08-18', 'Nam', 'Hưng Yên', 'Hưng Yên', '917993840', 2),
(19020009, 'Đinh Thanh Nhàn', '2001-11-15', 'Nữ', 'Hà Nội', 'Hà Nội', '912189273', 2),
(19020010, 'Trịnh Hữu Gia Phúc', '2001-06-06', 'Nam', 'Thanh Hóa', 'Thanh Hóa', '932427434', 2),
(19020011, 'Nguyễn Đắc Anh Quang', '2001-03-16', 'Nam', 'Hà Nội', 'Hà Nội', '991074798', 2),
(19020012, 'Sùng Mí Và', '2001-01-05', 'Nam', 'Hà Giang', 'Hà Giang', '993931592', 6),
(19020013, 'Nguyễn Bá Thành Bắc', '2001-04-20', 'Nam', 'Hưng Yên', 'Hưng Yên', '984147157', 6),
(19020014, 'Nguyễn Quang Chiều', '2001-01-03', 'Nam', 'Thái Bình', 'Thái Bình', '952687897', 6),
(19020015, 'Cao Đức Anh Dũng', '2001-11-10', 'Nam', 'Nam Định', 'Nam Định', '957079562', 6),
(19020016, 'Lương Duy Đạt', '2001-12-08', 'Nam', 'Hà Nội', 'Hà Nội', '924036231', 6),
(19020017, 'Phạm Thanh Đạt', '2001-02-25', 'Nam', 'Nghệ An', 'Nghệ An', '939194488', 6),
(19020018, 'Nguyễn Kim Đức', '2001-08-31', 'Nam', 'Vĩnh Phúc', 'Vĩnh Phúc', '927028685', 6),
(19020019, 'Cao Thanh Hải', '2001-10-04', 'Nam', 'Nghệ An', 'Nghệ An', '974880920', 6),
(19020020, 'Nguyễn Văn Hoàn', '2001-04-25', 'Nam', 'Hà Nam', 'Hà Nam', '965939335', 6),
(19020021, 'Nguyễn Quang Huy', '2001-04-01', 'Nam', 'Hà Nội', 'Hà Nội', '927375210', 6),
(19020022, 'Nguyễn Thanh Huyền', '2001-02-13', 'Nữ', 'Bắc Giang', 'Bắc Giang', '937555028', 6),
(19020023, 'Lương Hải Long', '2001-09-13', 'Nam', 'Hà Nội', 'Hà Nội', '911708209', 10),
(19020024, 'Nguyễn Ngọc Nam', '2001-05-18', 'Nam', 'Thanh Hóa', 'Thanh Hóa', '933212464', 10),
(19020025, 'Nguyễn Phú Quốc', '2001-04-22', 'Nam', 'Ninh Bình', 'Ninh Bình', '954298919', 10),
(19020026, 'Đỗ Đức Tâm', '2001-03-17', 'Nam', 'Vĩnh Phúc', 'Vĩnh Phúc', '921382980', 10),
(19020027, 'Nguyễn Ngọc Thạch', '2001-03-03', 'Nam', 'Nam Định', 'Nam Định', '917658397', 10),
(19020028, 'Đinh Quốc Trung', '2001-08-08', 'Nam', 'Nghệ An', 'Nghệ An', '938460784', 10),
(19020029, 'Lê Huy Vũ', '2001-10-18', 'Nam', 'Thanh Hóa', 'Thanh Hóa', '992906702', 10),
(19020030, 'Lê Trung Đức', '2001-09-29', 'Nam', 'Thanh Hóa', 'Thanh Hóa', '911872702', 10),
(19020031, 'Nguyễn Đình Huy', '2001-05-23', 'Nam', 'Quảng Ninh', 'Quảng Ninh', '913849947', 10),
(19020032, 'Đinh Trường Lãm', '2001-07-28', 'Nam', 'Thái Nguyên', 'Thái Nguyên', '981596075', 10),
(19020033, 'Lê Thành Long', '2001-11-10', 'Nam', 'Thái Bình', 'Thái Bình', '974758274', 10),
(19020034, 'Trần Thành Phúc', '2001-01-11', 'Nam', 'Hải Phòng', 'Hải Phòng', '959170810', 14),
(19020035, 'Lê Duy Sơn', '2001-01-10', 'Nam', 'Thanh Hóa', 'Thanh Hóa', '947265999', 14),
(19020036, 'Lưu Mạnh Tân', '2001-01-04', 'Nam', 'Thanh Hóa', 'Thanh Hóa', '932071924', 14),
(19020037, 'Nguyễn Gia Cát Thành', '2001-07-29', 'Nam', 'Nghệ An', 'Nghệ An', '929061105', 14),
(19020038, 'Nguyễn Quốc Trung', '2001-01-31', 'Nam', 'Nam Định', 'Nam Định', '956318084', 14),
(19020039, 'Lê Thị An', '2001-04-20', 'Nữ', 'Nghệ An', 'Nghệ An', '947696492', 14),
(19020040, 'Trần Quốc Anh', '2001-02-18', 'Nam', 'Nghệ An', 'Nghệ An', '911599260', 14),
(19020041, 'Nguyễn Xuân Bách', '2001-07-12', 'Nam', 'Hưng Yên', 'Hưng Yên', '930104779', 14),
(19020042, 'Phạm Quốc Bình', '2001-08-06', 'Nam', 'Vĩnh Phúc', 'Vĩnh Phúc', '952280820', 14),
(19020043, 'Lê Văn Chương', '2001-03-20', 'Nam', 'Thanh Hóa', 'Thanh Hóa', '998260498', 14),
(19020044, 'Đoàn Duy Cường', '2001-06-09', 'Nam', 'Thanh Hóa', 'Thanh Hóa', '978433019', 14),
(19020045, 'Nguyễn Minh Đức', '2001-04-13', 'Nam', 'Hà Nội', 'Hà Nội', '940182628', 18),
(19020046, 'Triệu Minh Đức', '2001-12-29', 'Nam', 'Lạng Sơn', 'Lạng Sơn', '963504200', 18),
(19020047, 'Hà Văn Huy', '2001-06-01', 'Nam', 'Nghệ An', 'Nghệ An', '911392363', 18),
(19020048, 'Hoàng Quốc Huy', '2001-11-25', 'Nam', 'Hà Nội', 'Hà Nội', '952359375', 18),
(19020049, 'Ngô Ngọc Huyền', '2001-04-29', 'Nữ', 'Hoà Bình', 'Hoà Bình', '953199073', 18),
(19020050, 'Đỗ Quang Huynh', '2001-11-06', 'Nam', 'Bắc Ninh', 'Bắc Ninh', '954869367', 18),
(19020051, 'Phạm Quang Khánh', '2001-10-29', 'Nam', 'Thái Bình', 'Thái Bình', '969544289', 18),
(19020052, 'Nguyễn Tân Long', '2001-12-19', 'Nam', 'Thanh Hóa', 'Thanh Hóa', '934260495', 18),
(19020053, 'Nguyễn Đăng Mạnh', '2001-07-06', 'Nam', 'Nghệ An', 'Nghệ An', '996569631', 18),
(19020054, 'Đặng Phương Nam', '2001-05-26', 'Nam', 'Lạng Sơn', 'Lạng Sơn', '935747389', 18),
(19020055, 'Nguyễn Thế Nam', '2001-08-22', 'Nam', 'Nam Định', 'Nam Định', '925142630', 18),
(19020056, 'Võ Hồng Nghiệp', '2001-05-04', 'Nam', 'Hà Nội', 'Hà Nội', '951048968', 22),
(19020057, 'Phạm Tiến Phúc', '2001-11-10', 'Nam', 'Thanh Hóa', 'Thanh Hóa', '947374712', 22),
(19020058, 'Phạm Mạnh Minh Quang', '2001-08-18', 'Nam', 'Hải Dương', 'Hải Dương', '937810856', 22),
(19020059, 'Phan Anh Quân', '2001-09-21', 'Nam', 'Thanh Hóa', 'Thanh Hóa', '996670043', 22),
(19020060, 'Phạm Văn Quý', '2001-07-06', 'Nam', 'Nam Định', 'Nam Định', '979436025', 22),
(19020061, 'Nguyễn Đắc Sơn', '2001-07-01', 'Nam', 'Hà Nội', 'Hà Nội', '912232759', 22),
(19020062, 'Nguyễn Hải Sơn', '2001-09-21', 'Nam', 'Bắc Ninh', 'Bắc Ninh', '994010258', 22),
(19020063, 'Phạm Gia Tâm', '2001-11-15', 'Nam', 'Vĩnh Phúc', 'Vĩnh Phúc', '981898502', 22),
(19020064, 'Phạm Huyền Thương', '2001-11-15', 'Nữ', 'Vĩnh Phúc', 'Vĩnh Phúc', '998771059', 22),
(19020065, 'Triệu Minh Tiến', '2001-01-21', 'Nam', 'Phú Yên', 'Phú Yên', '951057607', 22),
(19020066, 'Lê Ngọc Trung', '2001-04-14', 'Nam', 'Thanh Hoá', 'Thanh Hoá', '940424778', 22),
(19020067, 'Nguyễn Quang Trường', '2001-02-22', 'Nam', 'Nghệ An', 'Nghệ An', '970034324', 26),
(19020068, 'Nhâm Đức Bách', '2001-02-19', 'Nam', 'Thái Bình', 'Thái Bình', '986384223', 26),
(19020069, 'Hà Trung Đức', '2001-10-23', 'Nam', 'Yên Bái', 'Yên Bái', '991260327', 26),
(19020070, 'Trần Minh Đức', '2001-10-25', 'Nam', 'Hà Tĩnh', 'Hà Tĩnh', '973153910', 26),
(19020071, 'Hoàng Đức Giang', '2001-09-26', 'Nam', 'Hưng Yên', 'Hưng Yên', '992213560', 26),
(19020072, 'Bùi Văn Hậu', '2001-04-11', 'Nam', 'Ninh Bình', 'Ninh Bình', '997381078', 26),
(19020073, 'Phạm Trung Hiếu', '2001-06-21', 'Nam', 'Hà Nội', 'Hà Nội', '976067547', 26),
(19020074, 'Nguyễn Như Hoa', '2001-10-18', 'Nữ', 'Phú Thọ', 'Phú Thọ', '952524662', 26),
(19020075, 'Phan Văn Hợp', '2001-05-15', 'Nam', 'Nam Định', 'Nam Định', '960847468', 26),
(19020076, 'Vũ Tuấn Hùng', '2001-02-24', 'Nam', 'Hà Nội', 'Hà Nội', '930335380', 26),
(19020077, 'Nguyễn Quang Huy', '2001-01-06', 'Nam', 'Hà Nội', 'Hà Nội', '976855863', 26),
(19020078, 'Trần Nhật Huy', '2001-02-23', 'Nam', 'Hà Tĩnh', 'Hà Tĩnh', '943629710', 30),
(19020079, 'Mã Đình Khải', '2001-12-11', 'Nam', 'Bắc Cạn', 'Bắc Cạn', '938208884', 30),
(19020080, 'Hoàng Khắc Lâm', '2001-03-03', 'Nam', 'Nghệ An', 'Nghệ An', '973137066', 30),
(19020081, 'Nông Bích Loan', '2001-08-20', 'Nữ', 'Hà Giang', 'Hà Giang', '985315313', 30),
(19020082, 'Lê Đăng Long', '2001-02-16', 'Nam', 'Nghệ An', 'Nghệ An', '994934428', 30),
(19020083, 'Nguyễn Quang Lợi', '2001-01-24', 'Nam', 'Thanh Hóa', 'Thanh Hóa', '941062648', 30),
(19020084, 'Trần Hữu Đức Mạnh', '2001-10-31', 'Nam', 'Nghệ An', 'Nghệ An', '981890222', 30),
(19020085, 'Trương Bình Minh', '2001-03-04', 'Nam', 'Hà Nội', 'Hà Nội', '989850786', 30),
(19020086, 'Đỗ Trọng Tấn', '2001-10-30', 'Nam', 'Phú Thọ', 'Phú Thọ', '997772792', 30),
(19020087, 'Chu Văn Toàn', '2001-09-26', 'Nam', 'Nghệ An', 'Nghệ An', '953513422', 30),
(19020088, 'Phan Minh Trọng', '2001-12-29', 'Nam', 'Hưng Yên', 'Hưng Yên', '942473429', 30),
(19020089, 'Phan Đình Đan Trường', '2001-11-18', 'Nam', 'Hà Tĩnh', 'Hà Tĩnh', '993117855', 34),
(19020090, 'Nguyễn Minh Tùng', '2001-10-24', 'Nam', 'Hà Nội', 'Hà Nội', '995718445', 34),
(19020091, 'Đặng Thế Anh', '2001-08-30', 'Nam', 'Hà Nội', 'Hà Nội', '986206687', 34),
(19020092, 'Phạm Đức Anh', '2001-10-06', 'Nam', 'Hải Phòng', 'Hải Phòng', '929928604', 34),
(19020093, 'Phạm Việt Anh', '2001-03-03', 'Nam', 'Nam Định', 'Nam Định', '980452971', 34),
(19020094, 'Nguyễn Đức Bằng', '2001-08-18', 'Nam', 'Thanh Hóa', 'Thanh Hóa', '938603281', 34),
(19020095, 'Lại Chí Công', '2001-09-06', 'Nam', 'Thái Bình', 'Thái Bình', '928932678', 34),
(19020096, 'Lê Đăng Cường', '2001-08-10', 'Nam', 'Hà Tĩnh', 'Hà Tĩnh', '945882241', 34),
(19020097, 'Nguyễn Công Doanh', '2001-12-07', 'Nam', 'Thái Bình', 'Thái Bình', '922836276', 34),
(19020098, 'Lương Đình Dũng', '2001-11-01', 'Nam', 'Thái Bình', 'Thái Bình', '956685290', 34),
(19020099, 'Nguyễn Phan Đông', '2001-06-27', 'Nam', 'Nam Định', 'Nam Định', '943460120', 34),
(19020100, 'Trần Đức Đông', '2001-11-17', 'Nam', 'Bắc Giang', 'Bắc Giang', '982565679', 34),
(19020101, 'Phạm Trường Giang', '2001-04-18', 'Nam', 'Cao Bằng', 'Cao Bằng', '969598142', 34),
(19020102, 'Tăng Thị Giang', '2001-04-16', 'Nữ', 'Bắc Ninh', 'Bắc Ninh', '977955180', 34),
(19020103, 'Tạ Trần Tuấn Hảo', '2001-05-13', 'Nam', 'Hà Nội', 'Hà Nội', '990011021', 34),
(19020104, 'Nguyễn Duy Hiệp', '2001-09-10', 'Nam', 'Bắc Ninh', 'Bắc Ninh', '926715503', 34),
(19020105, 'Bùi Thọ Hiếu', '2001-10-10', 'Nam', 'Thái Bình', 'Thái Bình', '915594762', 34),
(19020106, 'Trương Tấn Hoàng', '2001-04-05', 'Nam', 'Hà Tĩnh', 'Hà Tĩnh', '918963199', 34),
(19020107, 'Nguyễn Vũ Huy', '2001-08-12', 'Nam', 'Thái Nguyên', 'Thái Nguyên', '956238232', 34),
(19020108, 'Vũ Thế Huy', '2001-05-31', 'Nam', 'Hà Nội', 'Hà Nội', '987504254', 34),
(19020109, 'Nguyễn Văn Linh', '2001-03-25', 'Nam', 'Thanh Hóa', 'Thanh Hóa', '927026986', 34),
(19020110, 'Trương Đăng Vũ Linh', '2001-09-18', 'Nam', 'Hà Nam', 'Hà Nam', '990115054', 34),
(19020111, 'Nguyễn Thế Thành Luân', '2001-09-01', 'Nam', 'Hà Nội', 'Hà Nội', '978847996', 34),
(19020112, 'Đỗ Minh', '2001-05-27', 'Nam', 'Hà Nội', 'Hà Nội', '964304184', 34),
(19020113, 'Lê Đức Minh', '2001-01-19', 'Nam', 'Hà Nội', 'Hà Nội', '987781521', 34),
(19020114, 'Bùi Văn Mười', '2001-10-27', 'Nam', 'Nam Định', 'Nam Định', '996911786', 34),
(19020115, 'Vũ Văn Nam', '2001-03-16', 'Nam', 'Thái Bình', 'Thái Bình', '970706471', 34),
(19020116, 'Hoàng Như Ngọc', '2001-09-02', 'Nữ', 'Hải Phòng', 'Hải Phòng', '963813919', 34),
(19020117, 'Phạm Phú Nhuận', '2001-10-07', 'Nam', 'Ninh Bình', 'Ninh Bình', '926525719', 34),
(19020118, 'Đại Hùng Phi', '2001-06-25', 'Nam', 'Vĩnh Phúc', 'Vĩnh Phúc', '947362352', 34),
(19020119, 'Phạm Hoàng Quân', '2001-01-25', 'Nam', 'Hà Nội', 'Hà Nội', '931783409', 34),
(19020120, 'Phạm Minh Tân', '2001-09-14', 'Nam', 'Gia Lai', 'Gia Lai', '926030041', 34),
(19020121, 'Ngô Văn Thành', '2001-06-29', 'Nam', 'Đăk Lắk', 'Đăk Lắk', '979037509', 34),
(19020122, 'Phan Nguyễn Thành', '2001-10-06', 'Nam', 'Nghệ An', 'Nghệ An', '977384558', 34),
(19020123, 'Đặng Đức Thắng', '2001-07-06', 'Nam', 'Hà Nội', 'Hà Nội', '985331933', 34),
(19020124, 'Đinh Việt Thắng', '2001-07-04', 'Nam', 'Hà Nội', 'Hà Nội', '979725533', 34),
(19020125, 'Cao Xuân Thình', '2001-07-18', 'Nam', 'Nam Định', 'Nam Định', '918603204', 34),
(19020126, 'Ngô Thượng Tiến', '2001-03-14', 'Nam', 'Thái Nguyên', 'Thái Nguyên', '918758052', 34),
(19020127, 'Hoàng Huy Tuấn', '2001-05-19', 'Nam', 'Cao Bằng', 'Cao Bằng', '971591573', 34),
(19020128, 'Nguyễn Minh Tuấn', '2001-03-05', 'Nam', 'Bắc Ninh', 'Bắc Ninh', '934367028', 34),
(19020129, 'Đào Lê Đức Anh', '2001-09-17', 'Nam', 'Hưng Yên', 'Hưng Yên', '986920746', 34),
(19020130, 'Nguyễn Đinh Tùng Anh', '2001-11-08', 'Nam', 'Hà Nội', 'Hà Nội', '916613802', 34),
(19020131, 'Đoàn Văn Bình', '2001-09-06', 'Nam', 'Nam Định', 'Nam Định', '938112863', 34),
(19020132, 'Phạm Thành Công', '2001-10-29', 'Nam', 'Phú Thọ', 'Phú Thọ', '927045171', 34),
(19020133, 'Trần Đăng Dũng', '2001-12-24', 'Nam', 'Hà Nam', 'Hà Nam', '964114044', 34),
(19020134, 'Trịnh Văn Dũng', '2001-06-16', 'Nam', 'Thanh Hóa', 'Thanh Hóa', '979696346', 34),
(19020135, 'Trần Hữu Duy', '2001-08-09', 'Nam', 'Thái Bình', 'Thái Bình', '946073022', 34),
(19020136, 'Nguyễn Hoàng Dương', '2001-02-08', 'Nam', 'Hải Phòng', 'Hải Phòng', '921404122', 34),
(20020001, 'Nguyễn Văn Dương', '2002-03-09', 'Nam', 'Thanh Hóa', 'Thanh Hóa', '918394923', 3),
(20020002, 'Phạm Ngọc Đạt', '2002-10-20', 'Nam', 'Hà Tĩnh', 'Hà Tĩnh', '980235550', 3),
(20020003, 'Nguyễn Phương Đông', '2002-08-21', 'Nam', 'Hà Nội', 'Hà Nội', '938337346', 3),
(20020004, 'Phạm Thành Đông', '2002-09-05', 'Nam', 'Hải Dương', 'Hải Dương', '953839545', 3),
(20020005, 'Nguyễn Quốc Đức', '2002-09-08', 'Nam', 'Thanh Hóa', 'Thanh Hóa', '975214324', 3),
(20020006, 'Vũ Minh Giang', '2002-07-14', 'Nam', 'Nam Định', 'Nam Định', '950993129', 3),
(20020007, 'Hà Minh Hải', '2002-07-25', 'Nam', 'Thái Nguyên', 'Thái Nguyên', '976042639', 3),
(20020008, 'Phạm Vĩnh Hải', '2002-01-03', 'Nam', 'Nghệ An', 'Nghệ An', '939626717', 3),
(20020009, 'Đặng Vũ Hiệp', '2002-08-07', 'Nam', 'Thái Bình', 'Thái Bình', '930236182', 3),
(20020010, 'Lê Minh Hiếu', '2002-12-09', 'Nam', 'Hải Phòng', 'Hải Phòng', '938876640', 3),
(20020011, 'Phạm Văn Hiếu', '2002-08-12', 'Nam', 'Nghệ An', 'Nghệ An', '942613148', 3),
(20020012, 'Đinh Việt Hoàng', '2002-11-28', 'Nam', 'Nam Định', 'Nam Định', '929601637', 7),
(20020013, 'Vũ Huy Hoàng', '2002-10-05', 'Nam', 'Hà Nam', 'Hà Nam', '986859873', 7),
(20020014, 'Nguyễn Thái Học', '2002-08-24', 'Nam', 'Nam Định', 'Nam Định', '974240895', 7),
(20020015, 'Trần Danh Hùng', '2002-02-22', 'Nam', 'Nghệ An', 'Nghệ An', '910135314', 7),
(20020016, 'Vũ Mạnh Hùng', '2002-09-30', 'Nam', 'Thái Bình', 'Thái Bình', '913482892', 7),
(20020017, 'Nguyễn Hoàng Huy', '2002-02-10', 'Nam', 'Hà Nội', 'Hà Nội', '919957937', 7),
(20020018, 'Từ Quang Huy', '2002-01-15', 'Nam', 'Nam Định', 'Nam Định', '993567105', 7),
(20020019, 'Nguyễn Đăng Hưng', '2002-02-26', 'Nam', 'Bắc Ninh', 'Bắc Ninh', '995936363', 7),
(20020020, 'Nguyễn Xuân Khang', '2002-01-06', 'Nam', 'Bắc Ninh', 'Bắc Ninh', '986954928', 7),
(20020021, 'Thiều Văn Khánh', '2002-06-29', 'Nam', 'Thanh Hóa', 'Thanh Hóa', '956858819', 7),
(20020022, 'Nguyễn Trí Kiên', '2002-02-15', 'Nam', 'Hà Nội', 'Hà Nội', '978764144', 7),
(20020023, 'Phạm Đức Kiên', '2002-12-03', 'Nam', 'Hải Dương', 'Hải Dương', '949953118', 11),
(20020024, 'Phạm Văn Linh', '2002-11-20', 'Nam', 'Nghệ An', 'Nghệ An', '959044994', 11),
(20020025, 'Lê Hoàng Long', '2002-01-26', 'Nam', 'Hà Nội', 'Hà Nội', '982215353', 11),
(20020026, 'Phạm Hữu Long', '2002-05-26', 'Nam', 'Bắc Giang', 'Bắc Giang', '953698252', 11),
(20020027, 'Lê Văn Lộc', '2002-07-26', 'Nam', 'Thanh Hóa', 'Thanh Hóa', '966502765', 11),
(20020028, 'Phí Hữu luận', '2002-09-03', 'Nam', 'Bắc Ninh', 'Bắc Ninh', '971274610', 11),
(20020029, 'Trần Công Minh', '2002-06-10', 'Nam', 'Hải Phòng', 'Hải Phòng', '963894457', 11),
(20020030, 'Đỗ Hùng Nam', '2002-12-05', 'Nam', 'Thanh Hoá', 'Thanh Hoá', '914037530', 11),
(20020031, 'Ngô Quang Nam', '2002-09-01', 'Nam', 'Bắc Giang', 'Bắc Giang', '999215756', 11),
(20020032, 'Nguyễn Thị Hoài Nhung', '2002-10-08', 'Nữ', 'Thái Bình', 'Thái Bình', '948848300', 11),
(20020033, 'Phạm Văn Phương', '2002-09-26', 'Nam', 'Hải Phòng', 'Hải Phòng', '990735553', 11),
(20020034, 'Phạm Hồng Quân', '2002-11-25', 'Nam', 'Sơn La', 'Sơn La', '957978640', 15),
(20020035, 'Dương Ngọc Quý', '2002-06-21', 'Nam', 'Bắc Ninh', 'Bắc Ninh', '949167009', 15),
(20020036, 'Lường Thị Quyên', '2002-02-11', 'Nữ', 'Bắc Giang', 'Bắc Giang', '968177254', 15),
(20020037, 'Đỗ Bá Tấn', '2002-05-09', 'Nam', 'Bắc Ninh', 'Bắc Ninh', '938371337', 15),
(20020038, 'Nguyễn Văn Thắng', '2002-07-29', 'Nam', 'Nam Định', 'Nam Định', '978513428', 15),
(20020039, 'Nguyễn Văn Thế', '2002-01-07', 'Nam', 'Hải Phòng', 'Hải Phòng', '944039654', 15),
(20020040, 'Nguyễn Đình Thưởng', '2002-03-13', 'Nam', 'Thanh Hóa', 'Thanh Hóa', '933848102', 15),
(20020041, 'Bùi Duy Toàn', '2002-11-08', 'Nam', 'Hải Dương', 'Hải Dương', '982013683', 15),
(20020042, 'Đỗ Thị Trang', '2002-01-30', 'Nữ', 'Hải Dương', 'Hải Dương', '952402516', 15),
(20020043, 'Mai Đăng Trường', '2002-11-24', 'Nam', 'Ninh Bình', 'Ninh Bình', '963614493', 15),
(20020044, 'Phạm Xuân Trường', '2002-06-20', 'Nam', 'Nam Định', 'Nam Định', '946524831', 15),
(20020045, 'Nguyễn Xuân Tú', '2002-01-25', 'Nam', 'Bắc Ninh', 'Bắc Ninh', '920234370', 19),
(20020046, 'Nguyễn Bá Tuấn', '2002-06-28', 'Nam', 'Bắc Ninh', 'Bắc Ninh', '997013536', 19),
(20020047, 'Lại Đức Tùng', '2002-08-03', 'Nam', 'Hà Nội', 'Hà Nội', '913450452', 19),
(20020048, 'Đỗ Văn Vĩnh', '2002-02-07', 'Nam', 'Nam Định', 'Nam Định', '993464574', 19),
(20020049, 'Nguyễn Long Vũ', '2002-03-09', 'Nam', 'Quảng Ninh', 'Quảng Ninh', '980611860', 19),
(20020050, 'Nguyễn Đăng Vương', '2002-09-23', 'Nam', 'Bắc Ninh', 'Bắc Ninh', '992871195', 19),
(20020051, 'Nguyễn Tuấn Anh', '2002-03-11', 'Nam', 'Thái Bình', 'Thái Bình', '941040472', 19),
(20020052, 'Nông Đức Việt Anh', '2002-08-05', 'Nam', 'Thái Nguyên', 'Thái Nguyên', '986284010', 19),
(20020053, 'Phạm Hoàng Anh', '2002-01-30', 'Nam', 'Nghệ An', 'Nghệ An', '932299380', 19),
(20020054, 'Nguyễn Đình Bách', '2002-08-24', 'Nam', 'Nghệ An', 'Nghệ An', '951300089', 19),
(20020055, 'Đỗ Nguyễn Cương', '2002-09-24', 'Nam', 'Quảng Ninh', 'Quảng Ninh', '979279026', 19),
(20020056, 'Nguyễn Tiến Dũng', '2002-11-01', 'Nam', 'Hải Dương', 'Hải Dương', '954080684', 23),
(20020057, 'Văn Quốc Dũng', '2002-11-10', 'Nam', 'Bắc Ninh', 'Bắc Ninh', '989522778', 23),
(20020058, 'Cà Văn Ghi', '2002-12-25', 'Nam', 'Sơn La', 'Sơn La', '936441196', 23),
(20020059, 'Vũ Đức Hải', '2002-07-10', 'Nam', 'Quảng Ninh', 'Quảng Ninh', '958794462', 23),
(20020060, 'Nguyễn Hoàng Hiệp', '2002-09-22', 'Nam', 'Hà Nội', 'Hà Nội', '959340440', 23),
(20020061, 'Tạ Đình Đức Hiếu', '2002-07-04', 'Nam', 'Hà Nội', 'Hà Nội', '941517848', 23),
(20020062, 'Đinh Khắc Hoàn', '2002-02-22', 'Nam', 'Nam Định', 'Nam Định', '931240555', 23),
(20020063, 'Tống Văn Hùng', '2002-11-10', 'Nam', 'Thanh Hóa', 'Thanh Hóa', '977484439', 23),
(20020064, 'Đinh Thị Thanh Huyền', '2002-12-04', 'Nữ', 'Vĩnh Phúc', 'Vĩnh Phúc', '976878780', 23),
(20020065, 'Trần Ngọc Kính', '2002-01-18', 'Nam', 'Thanh Hóa', 'Thanh Hóa', '983892906', 23),
(20020066, 'Trịnh Nguyên Lân', '2002-03-22', 'Nam', 'Phú Thọ', 'Phú Thọ', '950466553', 23),
(20020067, 'Mai Thị Kim Loan', '2002-01-16', 'Nữ', 'Hồ Chí Minh', 'Hồ Chí Minh', '927480517', 27),
(20020068, 'Nguyễn Tiến Mạnh', '2002-12-07', 'Nam', 'Vĩnh Phúc', 'Vĩnh Phúc', '925885211', 27),
(20020069, 'Cao Kỳ Nam', '2002-08-01', 'Nam', 'Thái Nguyên', 'Thái Nguyên', '997373014', 27),
(20020070, 'Nguyễn Văn Nam', '2002-12-30', 'Nam', 'Hà Nội', 'Hà Nội', '920648759', 27),
(20020071, 'Nguyễn Tiến Nghĩa', '2002-02-08', 'Nam', 'Hà Nam', 'Hà Nam', '934527962', 27),
(20020072, 'Hoàng Văn Phong', '2002-07-29', 'Nam', 'Hải Dương', 'Hải Dương', '990164276', 27),
(20020073, 'Ngô Văn Quân', '2002-01-02', 'Nam', 'Nam Định', 'Nam Định', '951060922', 27),
(20020074, 'Nguyễn Ngọc Quyết', '2002-11-14', 'Nam', 'Hà Nội', 'Hà Nội', '955544856', 27),
(20020075, 'Đinh Ngọc Sơn', '2002-05-05', 'Nam', 'Hà Nội', 'Hà Nội', '983706767', 27),
(20020076, 'Nguyễn Hoài Sơn', '2002-01-19', 'Nam', 'Phú Thọ', 'Phú Thọ', '951474178', 27),
(20020077, 'Phùng Đức Thản', '2002-06-19', 'Nam', 'Hà Nội', 'Hà Nội', '910529092', 27),
(20020078, 'Nguyễn Sỹ Thành', '2002-10-11', 'Nam', 'Sơn La', 'Sơn La', '937258323', 31),
(20020079, 'Trần Quyết Thắng', '2002-08-14', 'Nam', 'Hà Nội', 'Hà Nội', '997394312', 31),
(20020080, 'Nguyễn Thiêm', '2002-05-03', 'Nam', 'Hà Nội', 'Hà Nội', '974277459', 31),
(20020081, 'Trịnh Phan Mai Trang', '2002-06-05', 'Nữ', 'Hà Tĩnh', 'Hà Tĩnh', '958935972', 31),
(20020082, 'Trần Minh Trí', '2002-07-10', 'Nam', 'Hà Nội', 'Hà Nội', '937301775', 31),
(20020083, 'Nguyễn Hữu Trung', '2002-03-02', 'Nam', 'Hải Dương', 'Hải Dương', '930739124', 31),
(20020084, 'Lý Minh Tú', '2002-07-11', 'Nam', 'Vĩnh Phúc', 'Vĩnh Phúc', '927072082', 31),
(20020085, 'Nguyễn Phúc Tuệ', '2002-08-29', 'Nam', 'Hải Dương', 'Hải Dương', '934141391', 31),
(20020086, 'Triệu Thanh Tùng', '2002-09-29', 'Nam', 'Cao Bằng', 'Cao Bằng', '996108146', 31),
(20020087, 'Phạm Đức Việt', '2002-05-07', 'Nam', 'Ninh Bình', 'Ninh Bình', '929464731', 31),
(20020088, 'Lưu Việt Anh', '2002-03-02', 'Nam', 'Bắc Giang', 'Bắc Giang', '977378620', 31),
(20020089, 'Nguyễn Hoàng Anh', '2002-07-18', 'Nam', 'Hải Phòng', 'Hải Phòng', '919170272', 35),
(20020090, 'Phạm Quốc Bảo', '2002-02-09', 'Nam', 'Hưng Yên', 'Hưng Yên', '942916917', 35),
(20020091, 'Lê Huy Bình', '2002-05-25', 'Nam', 'Nghệ An', 'Nghệ An', '963741267', 35),
(20020092, 'Nguyễn Công Chức', '2002-08-26', 'Nam', 'Hà Nội', 'Hà Nội', '968477883', 35),
(20020093, 'Dương Bình Cương', '2002-02-10', 'Nam', 'Vĩnh Phúc', 'Vĩnh Phúc', '976259195', 35),
(20020094, 'Nguyễn Ngọc Du', '2002-07-02', 'Nam', 'Hải Dương', 'Hải Dương', '915378375', 35),
(20020095, 'Phạm Tiến Dũng', '2002-01-05', 'Nam', 'Thái Bình', 'Thái Bình', '954420156', 35),
(20020096, 'Nguyễn Văn Đại', '2002-10-18', 'Nam', 'Nam Định', 'Nam Định', '935981602', 35),
(20020097, 'Đoàn Văn Hiệp', '2002-06-12', 'Nam', 'Hà Nam', 'Hà Nam', '964591817', 35),
(20020098, 'Lê Thanh Hiếu', '2002-07-09', 'Nam', 'Hưng Yên', 'Hưng Yên', '937192531', 35),
(20020099, 'Trương Huy Hoàng', '2002-05-11', 'Nam', 'Hưng Yên', 'Hưng Yên', '967543289', 35),
(20020100, 'Nguyễn Văn Hùng', '2002-05-04', 'Nam', 'Hà Tĩnh', 'Hà Tĩnh', '955970157', 35),
(20020101, 'Bùi Ngọc Huy', '2002-07-21', 'Nam', 'Thanh Hóa', 'Thanh Hóa', '952913197', 35),
(20020102, 'Trịnh Xuân Hưng', '2002-02-15', 'Nam', 'Thanh Hóa', 'Thanh Hóa', '960423666', 35),
(20020103, 'Phan Thế Lam', '2002-02-22', 'Nam', 'Hà Nội', 'Hà Nội', '944874265', 35),
(20020104, 'Khổng Quang Linh', '2002-02-22', 'Nam', 'Vĩnh Phúc', 'Vĩnh Phúc', '978809014', 35),
(20020105, 'Nguyễn Quang Linh', '2002-01-23', 'Nam', 'Hà Nội', 'Hà Nội', '970774314', 35),
(20020106, 'Nguyễn Viết Long', '2002-05-20', 'Nam', 'Hà Nội', 'Hà Nội', '957613541', 35),
(20020107, 'Đỗ Ngọc Lương', '2002-09-11', 'Nam', 'Hà Nội', 'Hà Nội', '976257586', 35),
(20020108, 'Nguyễn Thị Lương', '2002-01-10', 'Nữ', 'Bắc Giang', 'Bắc Giang', '911623557', 35),
(20020109, 'Nguyễn Quang Minh', '2002-08-26', 'Nam', 'Bắc Giang', 'Bắc Giang', '941874084', 35),
(20020110, 'Phạm Thanh Ngân', '2002-10-13', 'Nam', 'Hưng Yên', 'Hưng Yên', '994203376', 35),
(20020111, 'Đỗ Thanh Nghị', '2002-10-08', 'Nam', 'Hải Dương', 'Hải Dương', '947922872', 35),
(20020112, 'Trần Hải Ninh', '2002-05-13', 'Nam', 'Hải Dương', 'Hải Dương', '968643033', 35),
(20020113, 'Nghiêm Văn Quang', '2002-03-17', 'Nam', 'Bắc Giang', 'Bắc Giang', '923307422', 35),
(20020114, 'Trần Hồng Quân', '2002-02-10', 'Nam', 'Hưng Yên', 'Hưng Yên', '929040523', 35),
(20020115, 'Lê Sỹ Trường Sơn', '2002-03-06', 'Nam', 'Hà Tĩnh', 'Hà Tĩnh', '915677971', 35),
(20020116, 'Nguyễn Ngọc Sơn', '2002-09-10', 'Nam', 'Tuyên Quang', 'Tuyên Quang', '997185187', 35),
(20020117, 'Nguyễn Ngọc Trường Sơn', '2002-08-04', 'Nam', 'Thanh Hóa', 'Thanh Hóa', '913960501', 35),
(20020118, 'Nguyễn Thái Sơn', '2002-03-10', 'Nam', 'Phú Thọ', 'Phú Thọ', '946445136', 35),
(20020119, 'Hoàng Văn Thành', '2002-06-11', 'Nam', 'Hà Tĩnh', 'Hà Tĩnh', '993522600', 35),
(20020120, 'Trần Ngọc Thắng', '2002-04-20', 'Nam', 'Nam Định', 'Nam Định', '937366777', 35),
(20020121, 'Cấn Quang Thịnh', '2002-04-10', 'Nam', 'Hà Nội', 'Hà Nội', '927607753', 35),
(20020122, 'Luyện Huy Tín', '2002-02-24', 'Nam', 'Hải Dương', 'Hải Dương', '997105804', 35),
(20020123, 'Bạch Văn Trung', '2002-04-24', 'Nam', 'Hà Tĩnh', 'Hà Tĩnh', '955806246', 35),
(20020124, 'Nguyễn Đình Tuấn', '2002-09-19', 'Nam', 'Hải Dương', 'Hải Dương', '988479948', 35),
(20020125, 'Nguyễn Mạnh Tuấn', '2002-12-07', 'Nam', 'Hải Phòng', 'Hải Phòng', '958464803', 35),
(20020126, 'Dương Quang Tùng', '2002-12-08', 'Nam', 'Vĩnh Phúc', 'Vĩnh Phúc', '979391156', 35),
(20020127, 'Trần Ngọc Vinh', '2002-06-21', 'Nam', 'Bắc Ninh', 'Bắc Ninh', '958188399', 35),
(20020128, 'Lê Hoàng Anh', '2002-01-11', 'Nam', 'Nghệ An', 'Nghệ An', '937685334', 35),
(20020129, 'Nguyễn Việt Anh', '2002-11-26', 'Nam', 'Nam Định', 'Nam Định', '925398993', 35),
(20020130, 'Đàm Đức Ánh', '2002-01-22', 'Nam', 'Hải Dương', 'Hải Dương', '976922818', 35),
(20020131, 'Đỗ Mạnh Cường', '2002-08-29', 'Nam', 'Vĩnh Phúc', 'Vĩnh Phúc', '911777244', 35),
(20020132, 'Nguyễn Phan Việt Dũng', '2002-08-15', 'Nam', 'Hà Tĩnh', 'Hà Tĩnh', '958135021', 35),
(20020133, 'Đỗ Văn Đạt', '2002-11-21', 'Nam', 'Hải Phòng', 'Hải Phòng', '994080524', 35),
(20020134, 'Nguyễn Quang Đăng', '2002-08-14', 'Nam', 'Vĩnh Phúc', 'Vĩnh Phúc', '961859497', 35),
(20020135, 'Lê Văn Đức', '2002-09-08', 'Nam', 'Thanh Hóa', 'Thanh Hóa', '935441739', 35),
(20020136, 'Phí Mạnh Hải', '2002-10-11', 'Nam', 'Thái Bình', 'Thái Bình', '954874339', 35),
(20020137, 'Trần Đức Hiếu', '2002-04-28', 'Nam', 'Hà Nội', 'Hà Nội', '911631715', 35),
(20020138, 'Vũ Minh Hiếu', '2002-02-22', 'Nam', 'Thái Bình', 'Thái Bình', '943567079', 35),
(20020139, 'Bùi Đức Hùng', '2002-04-30', 'Nam', 'Hà Nội', 'Hà Nội', '923718879', 35),
(20020140, 'Trần Văn Hùng', '2002-03-16', 'Nam', 'Bắc Giang', 'Bắc Giang', '915429847', 35),
(20020141, 'Nguyễn Tấn Huy', '2002-08-18', 'Nam', 'Vĩnh Phúc', 'Vĩnh Phúc', '934588420', 35),
(20020142, 'Vũ Thị Huyền', '2002-12-30', 'Nữ', 'Bắc Giang', 'Bắc Giang', '916181011', 35),
(20020143, 'Đàm Tam Khoa', '2002-06-16', 'Nam', 'Hà Nội', 'Hà Nội', '917257714', 35),
(20020144, 'Phan Đăng Khoa', '2002-12-30', 'Nam', 'Nghệ An', 'Nghệ An', '939200979', 35),
(20020145, 'Vũ Anh Kiên', '2002-08-24', 'Nam', 'Bắc Giang', 'Bắc Giang', '993683907', 35),
(20020146, 'Nguyễn Duy Mạnh', '2002-03-12', 'Nam', 'Thanh Hóa', 'Thanh Hóa', '963963973', 35),
(20020147, 'Trần Đức Mạnh', '2002-10-07', 'Nam', 'Hà Tĩnh', 'Hà Tĩnh', '995491134', 35),
(20020148, 'Nguyễn Quang Minh', '2002-02-23', 'Nam', 'Thanh Hóa', 'Thanh Hóa', '964166049', 35),
(20020149, 'Trần Đức Minh', '2002-10-10', 'Nam', 'Hà Nội', 'Hà Nội', '959472034', 35),
(20020150, 'Tô Viết Ninh', '2002-01-22', 'Nam', 'Vĩnh Phúc', 'Vĩnh Phúc', '992888521', 35),
(20020151, 'Đặng Thế Quang', '2002-02-02', 'Nam', 'Nghệ An', 'Nghệ An', '999877008', 35),
(20020152, 'Bùi Quang Quân', '2002-10-14', 'Nam', 'Hà Nội', 'Hà Nội', '949398906', 35),
(20020153, 'Nguyễn Văn Quân', '2002-11-24', 'Nam', 'Thanh Hóa', 'Thanh Hóa', '971966773', 35),
(20020154, 'Trần Thị Diễm Quỳnh', '2002-01-15', 'Nữ', 'Bắc Giang', 'Bắc Giang', '910186415', 35),
(20020155, 'Nguyễn Bá Toàn Thắng', '2002-07-24', 'Nam', 'Quảng Ninh', 'Quảng Ninh', '963213301', 35),
(20020156, 'Đỗ Thu Trang', '2002-03-01', 'Nữ', 'Hà Nội', 'Hà Nội', '950897595', 35),
(20020157, 'Vi Anh Tuấn', '2002-04-28', 'Nam', 'Lạng Sơn', 'Lạng Sơn', '978510788', 35),
(20020158, 'Trần Sơn Tùng', '2002-02-28', 'Nam', 'Hải Phòng', 'Hải Phòng', '985060378', 35),
(20020159, 'Nguyễn Quang Vinh', '2002-12-23', 'Nam', 'Hà Nội', 'Hà Nội', '948275152', 35),
(20020160, 'Đào Thị Hải Yến', '2002-04-13', 'Nữ', 'Vĩnh Phúc', 'Vĩnh Phúc', '975013661', 35),
(20020161, 'Trần Nam Anh', '2002-07-24', 'Nam', 'Hải Phòng', 'Hải Phòng', '999026344', 35),
(20020162, 'Nguyễn Đình Chiến', '2002-08-03', 'Nam', 'Hải Dương', 'Hải Dương', '932999931', 35),
(20020163, 'Chu Việt Cường', '2002-05-13', 'Nam', 'Hà Nội', 'Hà Nội', '912100586', 35),
(20020164, 'Phạm Đăng Du', '2002-02-22', 'Nam', 'Bắc Ninh', 'Bắc Ninh', '932722918', 35),
(20020165, 'Dương Công Đạt', '2002-04-05', 'Nam', 'Vĩnh Phúc', 'Vĩnh Phúc', '930064751', 35),
(20020166, 'Từ Minh Đăng', '2002-11-18', 'Nam', 'Hà Tĩnh', 'Hà Tĩnh', '976508188', 35),
(20020167, 'Trần Đức Hiến', '2002-04-20', 'Nam', 'Thái Bình', 'Thái Bình', '937269702', 35),
(20020168, 'Trần Huy Hoàng', '2002-12-12', 'Nam', 'Hưng Yên', 'Hưng Yên', '939889041', 35),
(20020169, 'Đặng Nguyễn Huy', '2002-07-23', 'Nam', 'Hà Tĩnh', 'Hà Tĩnh', '917708408', 35),
(20020170, 'Nguyễn Phú Hưởng', '2002-04-16', 'Nam', 'Phú Thọ', 'Phú Thọ', '919620502', 35),
(20020171, 'Nguyễn Văn Hưởng', '2002-11-26', 'Nam', 'Vĩnh Phúc', 'Vĩnh Phúc', '986347387', 35),
(20020172, 'Đỗ Văn Linh', '2002-12-27', 'Nam', 'Hải Dương', 'Hải Dương', '976312863', 35),
(20020173, 'Dương Đình Long', '2002-01-13', 'Nam', 'Phú Thọ', 'Phú Thọ', '949121161', 35),
(20020174, 'Nguyễn Thị Ngọc Mai', '2002-11-08', 'Nữ', 'Hải Phòng', 'Hải Phòng', '949134115', 35),
(20020175, 'Đỗ Nam Phong', '2002-07-01', 'Nam', 'Nam Định', 'Nam Định', '944068643', 35),
(20020176, 'Trương Văn Phú', '2002-04-29', 'Nam', 'Bắc Giang', 'Bắc Giang', '995988137', 35),
(20020177, 'Nguyễn Tự Sang', '2002-07-03', 'Nam', 'Hải Phòng', 'Hải Phòng', '980701841', 35),
(20020178, 'Nguyễn Hoài Sơn', '2002-01-09', 'Nam', 'Hà Nam', 'Hà Nam', '914368635', 35),
(20020179, 'Cao Đức Tân', '2002-01-18', 'Nam', 'Hà Nội', 'Hà Nội', '993622733', 35),
(20020180, 'Nguyễn Đình Nhật Tân', '0000-00-00', 'Nam', 'Ninh Bình', 'Ninh Bình', '926983955', 35),
(20020181, 'Lưu Đức Thắng', '2002-04-02', 'Nam', 'Vĩnh Phúc', 'Vĩnh Phúc', '930497050', 35),
(20020182, 'Nguyễn Văn Thìn', '2002-01-24', 'Nam', 'Nam Định', 'Nam Định', '994652760', 35),
(20020183, 'Nguyễn Quang Trường', '2002-04-20', 'Nam', 'Thanh Hóa', 'Thanh Hóa', '972992514', 35),
(20020184, 'Nguyễn Đức Việt', '2002-02-25', 'Nam', 'Hà Nội', 'Hà Nội', '925559992', 35),
(20020185, 'Nguyễn Phúc Vinh', '2002-06-28', 'Nam', 'Ninh Bình', 'Ninh Bình', '912772222', 35),
(21020001, 'Mạc Tuấn Anh', '2003-03-22', 'Nam', 'Vĩnh Phúc', 'Vĩnh Phúc', '985221181', 4),
(21020002, 'Tạ Thị Minh Anh', '2003-02-15', 'Nữ', 'Hà Nội', 'Hà Nội', '915054981', 4),
(21020003, 'Hoàng Việt Cường', '2003-12-21', 'Nam', 'Tuyên Quang', 'Tuyên Quang', '946009332', 4),
(21020004, 'Phạm Mạnh Cường', '2003-02-19', 'Nam', 'Ninh Bình', 'Ninh Bình', '913334856', 4),
(21020005, 'Lê Tất Đắc', '2003-09-01', 'Nam', 'Thái Bình', 'Thái Bình', '944073749', 4),
(21020006, 'Phan Anh Đức', '2003-07-24', 'Nam', 'Nghệ An', 'Nghệ An', '980562852', 4),
(21020007, 'Đỗ Thi Hiên', '2003-11-19', 'Nữ', 'Hà Nam', 'Hà Nam', '953303195', 4),
(21020008, 'Phạm Thị Hiền', '2003-12-16', 'Nữ', 'Thanh Hóa', 'Thanh Hóa', '993254952', 4),
(21020009, 'Nguyễn Văn Hiếu', '2003-11-03', 'Nam', 'Bắc Ninh', 'Bắc Ninh', '995465531', 4),
(21020010, 'Trần Xuân Hoàng', '2003-05-21', 'Nam', 'Hải Phòng', 'Hải Phòng', '954460288', 4),
(21020011, 'Nguyễn Văn Hồng', '2003-08-26', 'Nam', 'Hà Tĩnh', 'Hà Tĩnh', '999726283', 4),
(21020012, 'Nguyễn Mạnh Hùng', '2003-07-19', 'Nam', 'Vĩnh Phúc', 'Vĩnh Phúc', '967962150', 8),
(21020013, 'Bùi Đức Huy', '2003-03-14', 'Nam', 'Thanh Hóa', 'Thanh Hóa', '946366117', 8),
(21020014, 'Trần Duy Hưng', '2003-06-05', 'Nam', 'Hà Nội', 'Hà Nội', '996327134', 8),
(21020015, 'Vũ Công Hưng', '2003-01-19', 'Nam', 'Hải Dương', 'Hải Dương', '948189009', 8),
(21020016, 'Trần Xuân Lâm', '2003-02-23', 'Nam', 'Hải Phòng', 'Hải Phòng', '971149039', 8),
(21020017, 'Hoàng Thế Lịch', '2003-03-18', 'Nam', 'Nghệ An', 'Nghệ An', '917531953', 8),
(21020018, 'Lê Văn Long', '2003-07-03', 'Nam', 'Hà Tĩnh', 'Hà Tĩnh', '978868801', 8),
(21020019, 'Trần Văn Long', '2003-08-02', 'Nam', 'Hải Phòng', 'Hải Phòng', '939474629', 8),
(21020020, 'Nguyễn Xuân Lộc', '2003-03-09', 'Nam', 'Nam Định', 'Nam Định', '972256743', 8),
(21020021, 'Đỗ Tiến Lợi', '2003-11-06', 'Nam', 'Thái Bình', 'Thái Bình', '992787156', 8),
(21020022, 'Dương Đình Mạnh', '2003-11-16', 'Nam', 'Hải Dương', 'Hải Dương', '998587045', 8),
(21020023, 'Nguyễn Ngọc Minh', '2003-10-28', 'Nam', 'Bắc Giang', 'Bắc Giang', '955018604', 12),
(21020024, 'Nguyễn Văn Minh', '2003-05-02', 'Nam', 'Hải Dương', 'Hải Dương', '994497999', 12),
(21020025, 'Kim Thị Huệ Mỹ', '2003-01-24', 'Nữ', 'Hà Nội', 'Hà Nội', '932444261', 12),
(21020026, 'Nguyễn Văn Nam', '2003-03-12', 'Nam', 'Hà Tĩnh', 'Hà Tĩnh', '931139143', 12),
(21020027, 'Vũ Thị Thúy Nga', '2003-01-05', 'Nữ', 'Phú Thọ', 'Phú Thọ', '941386184', 12),
(21020028, 'Phạm Trung Nghĩa', '2003-12-05', 'Nam', 'Hải Dương', 'Hải Dương', '944039277', 12),
(21020029, 'Vũ Văn Núi', '2003-08-15', 'Nam', 'Bắc Ninh', 'Bắc Ninh', '926736588', 12),
(21020030, 'Phạm Hồng Phúc', '2003-07-30', 'Nam', 'Hà Nội', 'Hà Nội', '931027791', 12),
(21020031, 'Trần Anh Phương', '2003-09-08', 'Nam', 'Ninh Bình', 'Ninh Bình', '965391157', 12),
(21020032, 'Đoàn Văn Quân', '2003-05-18', 'Nam', 'Nam Định', 'Nam Định', '948580251', 12),
(21020033, 'Nguyễn Duy Sơn', '2003-02-02', 'Nam', 'Vĩnh Phúc', 'Vĩnh Phúc', '953761360', 12),
(21020034, 'Phạm Xuân Sơn', '2003-12-08', 'Nam', 'Hải Phòng', 'Hải Phòng', '918452420', 16),
(21020035, 'Trần Đình Tân', '2003-07-07', 'Nam', 'Hà Tĩnh', 'Hà Tĩnh', '938821790', 16),
(21020036, 'Nguyễn Thị Phương Thảo', '2003-05-21', 'Nữ', 'Hải Dương', 'Hải Dương', '985738714', 16),
(21020037, 'Phạm Ngọc Thiện', '2003-12-01', 'Nam', 'Nam Định', 'Nam Định', '931429850', 16),
(21020038, 'Bùi Thị Thu Thủy', '2003-10-11', 'Nữ', 'Hải Dương', 'Hải Dương', '911191398', 16),
(21020039, 'Dương Thị Huyền Trang', '2003-04-14', 'Nữ', 'Vĩnh Phúc', 'Vĩnh Phúc', '950853246', 16),
(21020040, 'Phạm Minh Trí', '2003-12-22', 'Nam', 'Hải Phòng', 'Hải Phòng', '992995140', 16),
(21020041, 'Phan Huy Trình', '2003-07-09', 'Nam', 'Hải Dương', 'Hải Dương', '916278909', 16),
(21020042, 'Mai Đình Trung', '2003-03-31', 'Nam', 'Hải Phòng', 'Hải Phòng', '923830536', 16),
(21020043, 'Nguyễn Văn Trung', '2003-10-12', 'Nam', 'Bắc Ninh', 'Bắc Ninh', '981061452', 16),
(21020044, 'Trần Quang Trường', '2003-06-06', 'Nam', 'Hải Phòng', 'Hải Phòng', '973192602', 16),
(21020045, 'Nguyễn Anh Tuấn', '2003-01-16', 'Nam', 'Ninh Bình', 'Ninh Bình', '982644456', 20),
(21020046, 'Trần Anh Tuấn', '2003-11-21', 'Nam', 'Nghệ An', 'Nghệ An', '971036436', 20),
(21020047, 'Nguyễn Chí Tùng', '2003-02-20', 'Nam', 'Quảng Ninh', 'Quảng Ninh', '934289504', 20),
(21020048, 'Lê Trường Xuân', '2003-01-14', 'Nam', 'Bắc Giang', 'Bắc Giang', '919699891', 20),
(21020049, 'Nguyễn Duy Xuân', '2003-04-12', 'Nam', 'Bắc Ninh', 'Bắc Ninh', '946863060', 20),
(21020050, 'Lê Hải Anh', '2003-05-25', 'Nam', 'Bắc Ninh', 'Bắc Ninh', '969514405', 20),
(21020051, 'Nguyễn Quốc Chung', '2003-01-21', 'Nam', 'Nam Định', 'Nam Định', '953031195', 20),
(21020052, 'Lê Công Dưỡng', '2003-01-01', 'Nam', 'Thái Bình', 'Thái Bình', '958198178', 20),
(21020053, 'Hà Văn Đông', '2003-02-22', 'Nam', 'Thái Bình', 'Thái Bình', '930389462', 20),
(21020054, 'Phan Xuân Đức', '2003-04-15', 'Nam', 'Bình Thuận', 'Bình Thuận', '952988759', 20),
(21020055, 'Văn Ngọc Đức', '2003-08-12', 'Nam', 'Hà Tĩnh', 'Hà Tĩnh', '927199660', 20),
(21020056, 'Trần Văn Hà', '2003-01-06', 'Nam', 'Hà Nội', 'Hà Nội', '921487082', 24),
(21020057, 'Đỗ Hoàng Hiệp', '2003-07-03', 'Nam', 'Hải Dương', 'Hải Dương', '935014980', 24),
(21020058, 'Bùi Đình Học', '2003-09-20', 'Nam', 'Nam Định', 'Nam Định', '937695623', 24),
(21020059, 'Nguyễn Đức Huy', '2003-08-06', 'Nam', 'Kiên Giang', 'Kiên Giang', '922127446', 24),
(21020060, 'Phạm Quốc Huy', '2003-02-10', 'Nam', 'Thái Bình', 'Thái Bình', '959638153', 24),
(21020061, 'Hoàng Kim Trung Kiên', '2003-04-13', 'Nam', 'Hà Nội', 'Hà Nội', '978507207', 24),
(21020062, 'Trương Thành Long', '2003-11-24', 'Nam', 'Nam Định', 'Nam Định', '930263782', 24),
(21020063, 'Phạm Đức Lương', '2003-09-12', 'Nam', 'Nghệ An', 'Nghệ An', '947706326', 24),
(21020064, 'Hà Văn Mạnh', '2003-09-17', 'Nam', 'Hà Nội', 'Hà Nội', '943826738', 24),
(21020065, 'Hoàng Công Mạnh', '2003-09-23', 'Nam', 'Lạng Sơn', 'Lạng Sơn', '979524651', 24),
(21020066, 'Hoàng Văn Mạnh', '2003-04-21', 'Nam', 'Lạng Sơn', 'Lạng Sơn', '956113838', 24),
(21020067, 'Vũ Đức Mạnh', '2003-08-02', 'Nam', 'Hải Phòng', 'Hải Phòng', '991316785', 28),
(21020068, 'Đào Uyên Minh', '2003-09-26', 'Nam', 'Hà Tĩnh', 'Hà Tĩnh', '950604237', 28),
(21020069, 'Mai Văn Minh', '2003-03-10', 'Nam', 'Ninh Bình', 'Ninh Bình', '915714483', 28),
(21020070, 'Ngọ Hải Nam', '2003-10-02', 'Nam', 'Bắc Giang', 'Bắc Giang', '977179829', 28),
(21020071, 'Nguyễn Ngọc Nam', '2003-06-13', 'Nam', 'Hà Nội', 'Hà Nội', '927833096', 28),
(21020072, 'Đoàn Dương Phúc', '2003-12-28', 'Nam', 'Hải Dương', 'Hải Dương', '951269997', 28),
(21020073, 'Cao Thanh Phương', '2003-11-02', 'Nam', 'Hà Nam', 'Hà Nam', '997224048', 28),
(21020074, 'Phạm Minh Quang', '2003-08-10', 'Nam', 'Hà Nam', 'Hà Nam', '932635954', 28),
(21020075, 'Hà Duy Quân', '2003-01-18', 'Nam', 'Thái Bình', 'Thái Bình', '916111817', 28),
(21020076, 'Nguyễn Ngọc Sơn', '2003-06-29', 'Nam', 'Hà Nội', 'Hà Nội', '973248723', 28),
(21020077, 'Thân Văn Sơn', '2003-10-21', 'Nam', 'Bắc Giang', 'Bắc Giang', '929803480', 28),
(21020078, 'Đỗ Trung Tá', '2003-12-24', 'Nam', 'Hà Nam', 'Hà Nam', '997821206', 32),
(21020079, 'Phạm Hoàng Thạch', '2003-07-12', 'Nam', 'Hải Dương', 'Hải Dương', '933752991', 32),
(21020080, 'Đinh Hồng Thái', '2003-11-04', 'Nam', 'Ninh Bình', 'Ninh Bình', '914992556', 32),
(21020081, 'Nguyễn Văn Thái', '2003-06-14', 'Nam', 'Quảng Ninh', 'Quảng Ninh', '945940237', 32),
(21020082, 'Tạ Huy Thiên', '2003-04-27', 'Nam', 'Hà Nam', 'Hà Nam', '959204220', 32),
(21020083, 'Nguyễn Văn Thông', '2003-05-10', 'Nam', 'Thái Bình', 'Thái Bình', '942303783', 32),
(21020084, 'Nguyễn Văn Thường', '2003-03-11', 'Nam', 'Hải Dương', 'Hải Dương', '923894574', 32),
(21020085, 'Vũ Huy Trình', '2003-01-06', 'Nam', 'Bắc Ninh', 'Bắc Ninh', '985096293', 32),
(21020086, 'Vũ Xuân Trường', '2003-12-03', 'Nam', 'Hà Nội', 'Hà Nội', '919901501', 32),
(21020087, 'Nguyễn Thanh Tùng', '2003-12-16', 'Nam', 'Thái Bình', 'Thái Bình', '983222898', 32),
(21020088, 'Nghiêm Xuân Việt', '2003-02-20', 'Nam', 'Nam Định', 'Nam Định', '922988397', 32),
(21020089, 'Đỗ Thành Vinh', '2003-09-07', 'Nam', 'Nam Định', 'Nam Định', '929525396', 36),
(21020090, 'Chu Nguyên Vũ', '2003-10-14', 'Nam', 'Hà Nội', 'Hà Nội', '936620357', 36);

--
-- Chỉ mục cho các bảng đã đổ
--

--
-- Chỉ mục cho bảng `class`
--
ALTER TABLE `class`
  ADD PRIMARY KEY (`class_id`),
  ADD KEY `fk_class_year` (`year_id`),
  ADD KEY `fk_class_major` (`major_id`);

--
-- Chỉ mục cho bảng `course`
--
ALTER TABLE `course`
  ADD PRIMARY KEY (`course_id`),
  ADD KEY `fk_course_major` (`major_id`);

--
-- Chỉ mục cho bảng `course_result`
--
ALTER TABLE `course_result`
  ADD PRIMARY KEY (`student_id`,`course_id`),
  ADD KEY `fk_result_course` (`course_id`);

--
-- Chỉ mục cho bảng `major`
--
ALTER TABLE `major`
  ADD PRIMARY KEY (`major_id`);

--
-- Chỉ mục cho bảng `school_year`
--
ALTER TABLE `school_year`
  ADD PRIMARY KEY (`year_id`);

--
-- Chỉ mục cho bảng `student`
--
ALTER TABLE `student`
  ADD PRIMARY KEY (`student_id`),
  ADD KEY `fk_student_class` (`class_id`);

--
-- AUTO_INCREMENT cho các bảng đã đổ
--

--
-- AUTO_INCREMENT cho bảng `class`
--
ALTER TABLE `class`
  MODIFY `class_id` int(11) NOT NULL AUTO_INCREMENT, AUTO_INCREMENT=37;

--
-- AUTO_INCREMENT cho bảng `course`
--
ALTER TABLE `course`
  MODIFY `course_id` int(11) NOT NULL AUTO_INCREMENT, AUTO_INCREMENT=17;

--
-- AUTO_INCREMENT cho bảng `major`
--
ALTER TABLE `major`
  MODIFY `major_id` int(11) NOT NULL AUTO_INCREMENT, AUTO_INCREMENT=9;

--
-- AUTO_INCREMENT cho bảng `school_year`
--
ALTER TABLE `school_year`
  MODIFY `year_id` int(11) NOT NULL AUTO_INCREMENT, AUTO_INCREMENT=7;

--
-- Các ràng buộc cho các bảng đã đổ
--

--
-- Các ràng buộc cho bảng `class`
--
ALTER TABLE `class`
  ADD CONSTRAINT `fk_class_major` FOREIGN KEY (`major_id`) REFERENCES `major` (`major_id`) ON DELETE CASCADE ON UPDATE CASCADE,
  ADD CONSTRAINT `fk_class_year` FOREIGN KEY (`year_id`) REFERENCES `school_year` (`year_id`) ON DELETE CASCADE ON UPDATE CASCADE;

--
-- Các ràng buộc cho bảng `course`
--
ALTER TABLE `course`
  ADD CONSTRAINT `fk_course_major` FOREIGN KEY (`major_id`) REFERENCES `major` (`major_id`) ON DELETE CASCADE ON UPDATE CASCADE;

--
-- Các ràng buộc cho bảng `course_result`
--
ALTER TABLE `course_result`
  ADD CONSTRAINT `fk_result_course` FOREIGN KEY (`course_id`) REFERENCES `course` (`course_id`),
  ADD CONSTRAINT `fk_result_student` FOREIGN KEY (`student_id`) REFERENCES `student` (`student_id`) ON DELETE CASCADE ON UPDATE CASCADE;

--
-- Các ràng buộc cho bảng `student`
--
ALTER TABLE `student`
  ADD CONSTRAINT `fk_student_class` FOREIGN KEY (`class_id`) REFERENCES `class` (`class_id`) ON DELETE CASCADE ON UPDATE CASCADE;
COMMIT;

/*!40101 SET CHARACTER_SET_CLIENT=@OLD_CHARACTER_SET_CLIENT */;
/*!40101 SET CHARACTER_SET_RESULTS=@OLD_CHARACTER_SET_RESULTS */;
/*!40101 SET COLLATION_CONNECTION=@OLD_COLLATION_CONNECTION */;
